Pot ,Soil Inoc,soil elev ,soil treat,soil treat 2,Live inoc,Seed elev ,elev treat ,Planted,Inoculated,Large pot,harvest/inoc week,harvest date ,No_days,Initial Height (cm),initial AG biomass (g),Final height (cm),Final AG biomass (g),F-I AG biomass (g),Final BG biomass (g),Total biomass final (g),Sterile average ,PSFu,Sterile avg new ,PSFunew,PSF ,Sterile average AG,PSF Agu,Sterile average AG new ,PSF Agunew,PSF AG,Sterile average BG,PSF Bgu,Sterile average BG new ,PSF Bgunew,PSF BG,Leaf fresh weight (g) ,Leaf dry weight (g) ,Pixels,Leaf area (cm2),Photo by ,SLA (cm2/g),LDMC (g/g),CBH activity inoc,NAG activity inoc,Sterile average _SLA,SLA.mic,Sterile average _LDMC,LDMC.mic,X.15N,Sterile average _N15,N15.mic,X.13C,Sterile average _C13,C13.mic,Wt..N.,Sterile_average_N,N.mic,Wt..C.,Sterile_average_C,C.mic ,C.N.ratio,Sterile average _Cnratio,CNratio.mic,Biomass eqn
10,1.4 GC,3100,GC,S,1,3100,3100GC,9/1/2016,10/10/2016,11/19/2016,1,2/13/2017,126,1.4,0.003696,6.25,0.143,0.139304,0.24642,0.385724,,-0.060549343,,-0.065611683,-0.191123675,,-0.089413973,,-0.349416406,-0.291196434,,0.822282697,,0.240239069,-0.120964577,0.03563,0.00556,28899,244.9067797,AT,6873.611554,0.156048274,126.053,90.096,1.4 GC,0.415700358,,-0.053459267,2.6092751,,0.198872719,-35.2024398,,0.010216386,1.630172328,,-0.229697257,40.57406059,,-0.050596688,24.88943034,,0.179338847,y = 0.0021x2 - 0.0028x + 0.0035
7,2.4 GC,3100,GC,S,1,3100,3100GC,9/1/2016,10/10/2016,11/19/2016,1,2/13/2017,126,1.5,0.004025,4,0.05557,0.051545,0.21945,0.270995,,-0.339977728,,-0.343534336,0.784811044,,-0.663066698,,-0.759272301,-0.342487946,,0.622838803,,0.10449827,1.988153595,0.01562,0.00323,12667,107.3474576,AT,6872.436468,0.206786172,197.7005911,106.2950955,2.4 GC,0.415458335,,0.254301184,3.0977537,,0.287479058,-35.558875,,0.020445128,2.521832639,,0.191637574,43.94519093,,0.028285294,17.42589506,,-0.174306736,y = 0.0021x2 - 0.0028x + 0.0035
9,3.4 GC,3100,GC,S,1,3100,3100GC,9/1/2016,10/10/2016,11/19/2016,1,2/13/2017,126,1.7,0.004809,5.5,0.18285,0.178041,0.27343,0.451471,,0.09958086,,0.093655639,0.761020248,,0.163797499,,-0.168505186,0.372724539,,1.022022392,,0.376181189,1.158601089,0.01115,0.00167,7615,64.53389831,AT,5787.79357,0.149775785,93.18566139,36.35487362,3.4 GC,0.192063497,,-0.091506252,6.9714091,,0.990130969,-34.6687996,,-0.005097668,2.605237527,,0.231048753,40.87990889,,-0.043440062,15.69143254,,-0.25649098,y = 0.0021x2 - 0.0028x + 0.0035
6,6.4 GC,3100,GC,S,1,3100,3100GC,9/1/2016,10/10/2016,11/19/2016,1,2/13/2017,126,1.5,0.004025,10,0.32057,0.316545,0.33128,0.647825,,0.577811134,,0.569308913,1.08672222,,1.069154179,,0.478342213,0.67226651,,1.449824738,,0.667341931,1.734235721,0.01371,0.00339,9618,81.50847458,AT,5945.184141,0.24726477,123.0719619,61.253,6.4 GC,0.224479918,,0.499831883,2.8354226,,0.239894172,-34.1149074,,-0.020992901,3.021082134,,0.427547145,45.72096571,,0.069837124,15.13396977,,-0.282905305,y = 0.0021x2 - 0.0028x + 0.0035
8,7.4 GC,3100,GC,S,1,3100,3100GC,9/1/2016,10/10/2016,11/19/2016,1,2/13/2017,126,1.6,0.004396,5,0.0875,0.083104,0.27091,0.354014,,-0.13778068,,-0.142426851,0.441859518,,-0.456775533,,-0.611884088,-0.514000327,,1.003386923,,0.363497955,2.634912116,0.01691,0.00289,11307,95.8220339,AT,5666.589822,0.17090479,75.34859504,53.49016254,7.4 GC,0.167100174,,0.03665578,4.5018784,,0.542176702,-34.9533402,,0.00306789,2.105148272,,-0.005257629,41.45779006,,-0.029918065,19.69352497,,-0.066859357,y = 0.0021x2 - 0.0028x + 0.0035
4,1.2 SC,3100,SC,S,1,3100,3100SC,9/1/2016,10/10/2016,11/19/2016,1,2/13/2017,126,1.9,0.005761,5.5,0.32458,0.318819,0.20237,0.521189,,0.269382638,,0.26254242,-0.260739503,,-0.162280815,,0.488962347,0.11986554,,-0.440633085,,0.01853413,-0.518533498,0.0152,0.00233,8429,71.43220339,AT,4699.487065,0.153289474,254.6425293,84.86328555,1.2 SC,-0.286690768,,-0.184030677,1.4333081,,-0.244787075,-35.3583802,,0.047296673,2.123451945,,0.085366937,41.20361112,,-0.041064671,19.40407045,,-0.136851484,y = 0.0021x2 - 0.0028x + 0.0035
5,2.2 SC,3100,SC,S,1,3100,3100SC,9/1/2016,10/10/2016,11/19/2016,1,2/13/2017,126,2.4,0.008876,6,0.2175,0.208624,0.2973,0.505924,,0.232203944,,0.225564068,-0.486139423,,-0.451825872,,-0.02567513,-0.636578377,,-0.178238949,,0.496319597,-0.275761267,0.01979,0.00387,12050,102.1186441,AT,5160.113394,0.19555331,482.6617922,419.270834,2.2 SC,-0.216774837,,0.040942328,2.6736015,,,-34.4460276,,,1.546337425,,,43.52010042,,,28.14398703,,,y = 0.0021x2 - 0.0028x + 0.0035
2,3.2 SC,3100,SC,S,1,3100,3100SC,9/1/2016,10/10/2016,11/19/2016,1,2/13/2017,126,2.4,0.008876,7,0.12967,0.120794,0.13982,0.260614,,-0.365261188,,-0.368681553,-0.596887258,,-0.68260533,,-0.435862613,-0.625507667,,-0.613526303,,-0.29628185,-0.568390184,0.01019,0.0018,6436,54.54237288,AT,5352.539046,0.176643768,525.5387957,335.0362741,3.2 SC,-0.187567609,,-0.05971433,-1.0080798,,-0.584132399,-35.2004146,,0.042617815,2.591790398,,0.324750303,43.79047046,,0.019139538,16.89583791,,-0.248424837,y = 0.0021x2 - 0.0028x + 0.0035
1,6.2 SC,3100,SC,S,1,3100,3100SC,9/1/2016,10/10/2016,11/19/2016,1,2/13/2017,126,2,0.0063,11.5,0.376,0.3697,0.47664,0.84634,,1.061304635,,1.050197052,0.67160111,,-0.028587434,,0.726589004,0.575907415,,0.317471198,,1.398943064,0.754223253,0.01569,0.00313,11145,94.44915254,AT,6019.703795,0.199490121,171.8700419,88.87835723,6.2 SC,-0.08630235,,0.061898215,-0.0220767,,-0.447081035,-35.660135,,0.056234492,1.650366073,,-0.156442992,42.85725954,,-0.002579163,25.9683353,,0.155145779,y = 0.0021x2 - 0.0028x + 0.0035
3,7.2 SC,3100,SC,S,1,3100,3100SC,9/1/2016,10/10/2016,11/19/2016,1,2/13/2017,126,2,0.0063,7,0.19186,0.18556,0.3302,0.51576,,0.256160029,,0.249391062,-0.40679126,,-0.512428143,,-0.133389625,-0.618974088,,-0.08730071,,0.66190626,-0.13659659,0.012,0.00213,7395,62.66949153,AT,5222.457627,0.1775,358.6782898,232.0121877,7.2 SC,-0.20731195,,-0.055156555,5.8085084,,0.363352158,-34.394385,,0.018743641,1.996973204,,0.020719445,44.44675151,,0.034413226,22.25705955,,-0.009942374,y = 0.0021x2 - 0.0028x + 0.0035
11,1.1 SR,3100,SR1,SR,1,3100,3100SR1,9/1/2016,10/10/2016,11/19/2016,1,2/13/2017,126,2.6,0.010416,6.5,0.1225,0.112084,0.1003,0.212384,,-0.482727836,,-0.485515218,-0.32570086,,-0.319616891,,-0.476540433,-0.184902916,,-0.194506907,,-0.495187166,-0.434802209,0.01062,0.0022,5607,47.51694915,AT,4474.288997,0.207156309,156.752894,196.7947428,1.1 SR,-0.494766612,,-0.00110248,3.301789,,0.499426706,-33.1529374,,-0.023635706,3.023746153,,0.39256331,42.30425022,,-0.045183291,13.99067517,,-0.363596449,y = 0.0021x2 - 0.0028x + 0.0035
12,7.1 SR,3100,SR1,SR,1,3100,3100SR1,9/1/2016,10/10/2016,11/19/2016,1,2/13/2017,126,2.4,0.008876,3,0.0505,0.041624,0.20139,0.243014,,-0.408126894,,-0.411316272,-0.518163018,,-0.74732998,,-0.805605787,-0.875589191,,0.617330549,,0.013601762,0.186182118,0.00581,0.00175,3489,29.56779661,AT,5089.12162,0.301204819,61.14785272,172.6941635,7.1 SR,-0.425340169,,0.452394803,3.1047894,,0.458972721,-33.417226,,-0.015852325,2.545075159,,0.172115022,44.97536322,,0.015104347,17.67152654,,-0.196163008,y = 0.0021x2 - 0.0028x + 0.0035
14,2.1 SR,3100,SR1,SR,1,3100,3100SR1,9/1/2016,10/10/2016,11/19/2016,1,2/14/2017,127,1.9,0.005761,4,0.07424,0.068479,0.2068,0.275279,,-0.329543826,,-0.333156658,-0.30461219,,-0.584312169,,-0.680186399,-0.69778988,,0.660777385,,0.04083045,0.221716784,0.01526,0.00226,9059,76.77118644,AT,5030.877224,0.148099607,695.7700813,326.3498063,2.1 SR,-0.431917083,,-0.285870989,2.9162054,,0.420246885,-35.1618678,,0.035527918,2.034884535,,-0.062849393,43.7899997,,-0.011649582,21.51964838,,-0.02112082,y = 0.0021x2 - 0.0028x + 0.0035
15,3.1 SR,3100,SR1,SR,1,3100,3100SR1,9/1/2016,10/10/2016,11/19/2016,1,2/14/2017,127,2.5,0.009625,4.5,0.06813,0.058505,0.22863,0.287135,,-0.300667927,,-0.304436361,1.23140528,,-0.644857306,,-0.726767407,-0.222101078,,0.836090588,,0.150701478,3.27585562,0.01864,0.00215,11184,94.77966102,AT,5084.745763,0.115343348,351.4606079,308.123716,3.1 SR,-0.425834288,,-0.443820056,4.9867809,,0.845440793,-35.5524612,,0.047031015,1.554870548,,-0.283916186,39.26795439,,-0.11371319,25.25480623,,0.148782898,y = 0.0021x2 - 0.0028x + 0.0035
13,6.1 SR,3100,SR1,SR,1,3100,3100SR1,9/1/2016,10/10/2016,11/19/2016,1,2/14/2017,127,2.4,0.008876,4,0.04811,0.039234,0.19889,0.238124,,-0.420036741,,-0.423161941,1.324952891,,-0.761837989,,-0.816767668,-0.212184494,,0.597253453,,0.001019188,2.779741543,0.00788,0.00178,6269,53.12711864,AT,6742.020132,0.225888325,41.0073267,26.11593331,6.1 SR,-0.238696098,,0.089222378,4.3943327,,0.723781204,-34.409574,,0.013372632,1.948143031,,-0.102797533,42.81636933,,-0.033624644,21.97804199,,-0.000269551,y = 0.0021x2 - 0.0028x + 0.0035
16,CHRIS 31001 SR,3100,SR5,SR,1,3100,3100SR5,9/1/2016,10/10/2016,11/19/2016,1,2/14/2017,127,2.3,0.008169,7,0.13588,0.127711,0.2806,0.408311,,-0.005537542,,-0.01089632,0.372224873,,-0.192659077,,-0.403558539,-0.254520938,,-0.420967556,,0.412268009,1.222750317,0.02161,0.00333,12681,107.4661017,AT,4972.98018,0.154095326,219.7507215,117.7468924,CHRIS 31001 SR,-0.023779221,,-0.046933179,1.1584723,,-0.314731601,-33.7897314,,-0.012782671,1.806281406,,0.031568698,41.12372891,,-0.029496085,22.76706651,,-0.119167915,y = 0.0021x2 - 0.0028x + 0.0035
17,CHRIS 31002 SR,3100,SR5,SR,1,3100,3100SR5,9/1/2016,10/10/2016,11/19/2016,1,2/14/2017,127,1.7,0.004809,7,0.28505,0.280241,0.36432,0.644561,,0.569861494,,0.561402111,-0.014642148,,0.771578231,,0.308793695,-0.189021267,,0.193857522,,0.833633218,0.180633871,0.0238,0.0044,16500,139.8305085,AT,5875.231449,0.18487395,137.9104402,162.2760364,CHRIS 31002 SR,0.153337197,,0.14343006,2.7208412,,-0.107181386,-34.3295786,,0.002989769,1.933152368,,0.104024802,41.93258883,,-0.010407307,21.69130045,,-0.160788089,y = 0.0021x2 - 0.0028x + 0.0035
19,CHRIS 31003 SR,3100,SR5,SR,1,3100,3100SR5,9/1/2016,10/10/2016,11/19/2016,1,2/14/2017,127,3.1,0.015001,6.5,0.22654,0.211539,0.25107,0.462609,,0.126708032,,0.120636633,0.92261081,,0.337270019,,-0.012061371,0.574478062,,0.319882231,,0.263642655,1.362789385,0.01571,0.00231,10648,90.23728814,AT,5743.93941,0.147040102,94.02416322,69.04954236,CHRIS 31003 SR,0.127563916,,-0.090569154,3.924951,,0.052776514,-34.3214778,,0.002753092,2.504706244,,0.430439659,42.711298,,0.007969924,17.05241806,,-0.340261208,y = 0.0021x2 - 0.0028x + 0.0035
20,CHRIS 31004 SR,3100,SR5,SR,1,3100,3100SR5,9/1/2016,10/10/2016,11/19/2016,1,2/14/2017,127,2.1,0.006881,5.5,0.19618,0.189299,0.4253,0.614599,,0.496887501,,0.488821346,0.85682822,,0.196677102,,-0.115927585,0.462513714,,0.148193049,,1.140547342,1.110041675,0.01523,0.00372,10351,87.72033898,AT,5759.70709,0.24425476,21.62297155,32.55886401,CHRIS 31004 SR,0.13065919,,0.510695449,3.8555991,,0.04356358,-34.4156496,,0.005504461,2.530522018,,0.445183067,46.35205344,,0.093890329,18.31719033,,-0.291328598,y = 0.0021x2 - 0.0028x + 0.0035
18,CHRIS 31005 SR,3100,SR5,SR,1,3100,3100SR5,9/1/2016,10/10/2016,11/19/2016,1,2/14/2017,127,3,0.014,8.8,0.26351,0.24951,0.17354,0.42305,,0.030360052,,0.024807835,2.163369076,,0.577308404,,0.165272443,23.28557524,,0.162625563,,-0.126568103,0.405637453,0.01344,0.00315,9267,78.53389831,AT,5843.296005,0.234375,45.18999571,71.66648328,CHRIS 31005 SR,0.14706811,,0.449589952,5.4179419,,0.251110327,-34.1519916,,-0.0021987,1.147793931,,-0.344494005,45.34308425,,0.07007905,39.50455133,,0.528386465,y = 0.0021x2 - 0.0028x + 0.0035
23,21.2 SC,3700,SC,S,1,3100,3700SC,9/1/2016,10/10/2016,11/19/2016,1,2/14/2017,127,1.6,0.004396,10,0.65612,0.651724,0.34057,0.992294,,1.416783115,,0.547267049,-0.06357764,,0.253612394,,0.832360253,0.026911108,,0.222792335,,0.192280581,-0.198696532,0.01759,0.0043,11376,96.40677966,AT,5480.77201,0.244457078,735.8249758,457.3551465,21.2 SC,-0.053690888,,0.288112857,1.9871182,,-0.065238317,-35.1396586,,0.035335266,1.33058923,,-0.147747121,43.28134871,,-0.009059691,32.5279566,,0.139174364,y = 0.0021x2 - 0.0028x + 0.0035
24,22.2 SC,3700,SC,S,1,3100,3700SC,9/1/2016,10/10/2016,11/19/2016,1,2/14/2017,127,2.3,0.008169,9,0.56748,0.559311,0.40946,0.968771,,1.359491638,,0.510588038,-0.156081656,,0.075852971,,0.572535683,-0.173734034,,-0.071683529,,0.433453348,-0.130713543,0.01977,0.00438,13831,117.2118644,AT,5928.774123,0.2215478,1467.808217,953.8530214,22.2 SC,0.023661077,,0.167397451,3.2193708,,0.127151824,-34.146298,,0.006067444,1.614251233,,0.033940626,43.31409553,,-0.008309942,26.83231373,,-0.060294986,y = 0.0021x2 - 0.0028x + 0.0035
21,26.2 SC,3700,SC,S,1,3100,3700SC,9/1/2016,10/10/2016,11/19/2016,1,2/14/2017,127,2.6,0.010416,8,0.3862,0.375784,0.431,0.806784,,0.964963961,,0.258004481,3.022355727,,-0.277167206,,0.056538758,2.185825103,,-0.282591918,,0.50886141,4.216654563,0.01346,0.00294,10133,85.87288136,AT,6379.857456,0.218424963,186.2579862,143.6335527,26.2 SC,0.101545044,,0.150942347,3.4917529,,0.169678519,-35.2692714,,0.039154105,1.345751748,,-0.138035409,42.28045963,,-0.031975367,31.41772595,,0.100292539,y = 0.0021x2 - 0.0028x + 0.0035
22,30.2 SC,3700,SC,S,1,3100,3700SC,9/1/2016,10/10/2016,11/19/2016,1,2/14/2017,127,2.7,0.011249,5,0.22336,0.212111,0.21858,0.430691,,0.0489701,,-0.328430896,-0.548110407,,-0.591997566,,-0.403637482,-0.69218635,,0.166809362,,-0.234786712,-0.172045455,0.01709,0.00261,10408,88.20338983,AT,5161.111166,0.152720889,607.9655643,272.6257085,30.2 SC,-0.108883472,,-0.195270833,4.9571887,,0.398475277,-35.4910308,,0.0456879,1.641977975,,0.051699822,39.33747912,,-0.099355846,23.95737319,,-0.160979409,y = 0.0021x2 - 0.0028x + 0.0035
44,1.2 SC sterile,3100,SC,S,0,3100,3100SC,9/1/2016,10/10/2016,11/19/2016,1,2/15/2017,128,2.4,0.008876,7.5,0.29357,0.284694,0.42032,0.705014,,,,,,,,,,,,,,,,0.00624,0.00124,5704,48.33898305,AT,7746.631899,0.198717949,,,,,,,1.3522228,,,-35.0863805,,,2.361069765,,,44.64251473,,,18.9077491,,,y = 0.0021x2 - 0.0028x + 0.0035
45,2.2 SC sterile,3100,SC,S,0,3100,3100SC,9/1/2016,10/10/2016,11/19/2016,1,2/15/2017,128,2.5,0.009625,13.5,0.58368,0.574055,0.4105,0.984555,,,,,,,,,,,,,,,,0.01029,0.00186,13531,114.6694915,AT,11143.77955,0.180758017,,,,,,,2.6736015,,,-34.4460276,,,1.546337425,,,43.52010042,,,28.14398703,,,y = 0.0021x2 - 0.0028x + 0.0035
42,3.2 SC sterile,3100,SC,S,0,3100,3100SC,9/1/2016,10/10/2016,11/19/2016,1,2/15/2017,128,2.4,0.008876,7,0.33143,0.322554,0.32395,0.646504,,,,,,,,,,,,,,,,0.01009,0.00135,11270,95.50847458,AT,9465.656549,0.133795837,,,,,,,2.247434,,,-34.7484727,,,1.771601143,,,43.38876987,,,24.49127448,,,y = 0.0021x2 - 0.0028x + 0.0035
41,6.2 SC sterile,3100,SC,S,0,3100,3100SC,9/1/2016,10/10/2016,11/19/2016,1,2/15/2017,128,2.5,0.009625,7,0.24422,0.234595,0.27171,0.506305,,,,,,,,,,,,,,,,0.01653,0.00325,5733,48.58474576,AT,2939.186072,0.19661222,,,,,,,5.0918721,,,-31.5418908,,,1.80558512,,,38.86430867,,,21.52449543,,,y = 0.0021x2 - 0.0028x + 0.0035
43,7.2 SC sterile ,3100,SC,S,0,3100,3100SC,9/1/2016,10/10/2016,11/19/2016,1,2/15/2017,128,2.3,0.008169,12,0.49517,0.487001,0.38244,0.869441,0.5152863,,,,,0.3805798,,,,,0.361784,,,,,0.01774,0.00407,3446,29.20338983,AT,1646.188829,0.229425028,,,6588.28858,,0.18786181,,4.6068976,7.1944056,,-32.9850796,-33.76157024,,2.297591133,1.956436917,,44.4247124,42.96808122,,19.3353429,22.48056979,,y = 0.0021x2 - 0.0028x + 0.0035
26,21.4 GC,3700,GC,S,1,3100,3700GC,9/1/2016,10/10/2016,11/19/2016,1,2/15/2017,128,1.6,0.004396,10,0.33913,0.334734,0.40561,0.740344,,0.803145921,,0.154405726,3.243534483,,-0.122793777,,-0.058875725,12.10421234,,0.002961704,,0.41997512,1.723677142,0.04268,0.00952,6381,54.07627119,AT,1267.016663,0.223055295,349.4534451,382.1519175,21.4 GC,-0.757246822,,-0.006151475,-1.9126698,,-0.698209312,-35.239906,,0.035968671,1.887295644,,0.055407865,44.32934552,,-0.019143731,23.488289,,-0.078282297,y = 0.0021x2 - 0.0028x + 0.0035
28,22.4 GC,3700,GC,S,1,3100,3700GC,9/1/2016,10/10/2016,11/19/2016,1,2/15/2017,128,3.4,0.018256,4,0.08679,0.068534,0.30793,0.376464,,-0.08310255,,-0.412986129,-0.582769214,,-0.820399328,,-0.807312639,-0.873395834,,0.302206015,,0.078013211,-0.146930329,0.0119,0.00214,8056,68.27118644,AT,5737.074491,0.179831933,140.2936411,199.7815876,22.4 GC,0.099190805,,-0.198738136,5.0496579,,0.308418996,-34.5331112,,0.0151906,2.44484263,,0.367197634,43.03825849,,-0.047711056,17.60369275,,-0.309203184,y = 0.0021x2 - 0.0028x + 0.0035
30,26.4 GC,3700,GC,S,1,3100,3700GC,9/1/2016,10/10/2016,11/19/2016,1,2/15/2017,128,2.1,0.006881,4.5,0.1001,0.093219,0.23797,0.331189,,-0.193372143,,-0.483582661,-0.604515503,,-0.755709647,,-0.737909314,-0.820786456,,-0.102588756,,-0.166905453,-0.249944842,0.01972,0.00345,6259,53.04237288,AT,2689.775501,0.17494929,318.5584338,155.5793038,26.4 GC,-0.48465433,,-0.220493314,-1.4844972,,-0.636303197,-34.7923368,,0.022811211,2.521496364,,0.410063708,44.04211968,,-0.025499053,17.46666,,-0.314580567,y = 0.0021x2 - 0.0028x + 0.0035
27,27.4 GC,3700,GC,S,1,3100,3700GC,9/1/2016,10/10/2016,11/19/2016,1,2/15/2017,128,2.9,0.013041,5.5,0.09849,0.085449,0.26205,0.347499,,-0.153648298,,-0.458150758,-0.498268842,,-0.776071763,,-0.759755124,-0.785460343,,0.520169681,,-0.082605261,-0.109612314,0.01032,0.00185,5915,50.12711864,AT,4857.278938,0.179263566,629.9626883,221.2470888,27.4 GC,-0.069373013,,-0.201270561,2.527862,,-0.056187677,-35.088016,,0.03150347,1.400394174,,-0.216875729,42.77813176,,-0.053466768,30.54720775,,0.198720868,y = 0.0021x2 - 0.0028x + 0.0035
29,30.4 GC,3700,GC,S,1,3100,3700GC,9/1/2016,10/10/2016,11/19/2016,1,2/15/2017,128,2.5,0.009625,6.5,0.25023,0.240605,0.38704,0.627645,,0.528661706,,-0.021323895,-0.103402711,,-0.369468882,,-0.32352493,-0.430709351,,-0.379707861,,0.354964548,0.395291827,0.01682,0.00364,9488,80.40677966,AT,4780.426853,0.216409037,359.5670521,239.6899744,30.4 GC,-0.084097435,,-0.035764642,0.1920096,,-0.393910239,-34.3650196,,0.010249111,2.210629725,,0.236221789,45.98555114,,0.017502415,20.80201429,,-0.183695976,y = 0.0021x2 - 0.0028x + 0.0035
25,27.2 SC,3700,SC,S,1,3100,3700SC,9/1/2016,10/10/2016,11/19/2016,1,2/15/2017,128,2,0.0063,8.3,0.2533,0.247,0.30658,0.55358,,0.348272586,,-0.136812182,-0.382613748,,-0.524887435,,-0.305545012,-0.486252577,,-0.20999795,,0.073287079,-0.262798471,0.00636,0.00185,4545,38.51694915,AT,6056.124081,0.290880503,550.5453912,711.3916944,27.2 SC,0.045649298,,0.532730894,2.7901931,,0.060144817,-34.3062888,,0.010781324,2.809984277,,0.799817056,46.02367776,,0.053726809,16.37862466,,-0.426397743,y = 0.0021x2 - 0.0028x + 0.0035
33,21.1 SR,3700,SR1,SR,1,3100,3700SR1,9/1/2016,10/10/2016,11/19/2016,1,2/15/2017,128,2.2,0.007504,4.6,0.11372,0.106216,0.21494,0.321156,,-0.21780803,,-0.499226947,-0.554945809,,-0.477203707,,-0.701367486,-0.66208869,,0.2754953,,-0.247529765,-0.47225496,0.0159,0.00289,11025,93.43220339,AT,5876.239207,0.181761006,137.370445,83.17478374,21.1 SR,-0.186710098,,-0.04100605,5.4637591,,0.357229776,-31.8517464,,-0.063051666,2.459033513,,0.314658939,44.31990606,,-0.007799169,18.02330299,,-0.266117066,y = 0.0021x2 - 0.0028x + 0.0035
34,22.1 SR,3700,SR1,SR,1,3100,3700SR1,9/1/2016,10/10/2016,11/19/2016,1,2/15/2017,128,2.4,0.008876,9.5,0.44426,0.435384,0.48242,0.917804,,1.235358886,,0.431116067,1.240601137,,1.142964724,,0.224107653,1.429272865,,0.533500618,,0.688874528,1.093836806,0.02183,0.00369,10106,85.6440678,AT,3923.228025,0.16903344,59.61286555,215.7445512,22.1 SR,-0.45701296,,-0.108158291,0.7410304,,-0.320072758,-34.5643433,,0.01674186,2.589637666,,0.384483086,42.94576522,,-0.038562404,16.58369655,,-0.324735766,y = 0.0021x2 - 0.0028x + 0.0035
31,26.1 SR,3700,SR1,SR,1,3100,3700SR1,9/1/2016,10/10/2016,11/19/2016,1,2/15/2017,128,2,0.0063,9,0.46523,0.45893,0.41347,0.8724,,1.124775107,,0.360318387,4.151796101,,1.258858389,,0.290308614,3.747437131,,0.614171754,,0.44749171,4.689693133,0.00848,0.00237,3172,26.88135593,AT,3169.971218,0.279481132,1096.580604,633.9502305,26.1 SR,-0.56126606,,0.474577636,0.3548358,,-0.375458234,-35.0292852,,0.030418552,1.316892181,,-0.29595751,44.70300548,,0.000777374,33.9458356,,0.382225524,y = 0.0021x2 - 0.0028x + 0.0035
35,27.1 SR,3700,SR1,SR,1,3100,3700SR1,9/1/2016,10/10/2016,11/19/2016,1,2/15/2017,128,3,0.014,5,0.14501,0.13101,0.20597,0.33698,,-0.179267864,,-0.474552854,-0.619549755,,-0.355167373,,-0.631657701,-0.619499869,,0.148196697,,-0.278932286,-0.619581479,0.01843,0.00335,14458,122.5254237,AT,6648.151043,0.181768855,2776.787064,1363.360644,27.1 SR,-0.079875084,,-0.040964638,2.3789056,,-0.085179523,-34.7687067,,0.022753397,2.069227668,,0.106259283,43.77746842,,-0.019942856,21.15642908,,-0.138540685,y = 0.0021x2 - 0.0028x + 0.0035
32,30.1 SR,3700,SR1,SR,1,3100,3700SR1,9/1/2016,10/10/2016,11/19/2016,1,2/15/2017,128,3.2,0.016044,1.8,0.02318,0.007136,0.20335,0.210486,,-0.487350512,,-0.671792783,0.27892041,,-0.964876531,,-0.979936717,-0.912238197,,-0.181378975,,-0.288104483,1.442055963,0.00625,0.00143,9843,83.41525424,AT,13346.44068,0.2288,175.8302652,179.6532739,30.1 SR,0.847189171,,0.207177604,3.3905344,,0.059901593,-34.9983626,,0.029508936,2.633571705,,0.407971288,41.75311892,,-0.065262475,15.85417964,,-0.354440644,y = 0.0021x2 - 0.0028x + 0.0035
37,CHRIS 38001 SR,3700,SR5,SR,1,3100,3700SR5,9/1/2016,10/10/2016,11/19/2016,1,2/15/2017,128,1.4,0.003696,5.5,0.12443,0.120734,0.28311,0.403844,,-0.01641715,,-0.370292964,-0.345157482,,-0.620406865,,-0.660549277,-0.614765606,,-0.186123123,,-0.008877601,-0.066567755,0.02435,0.00476,8969,76.00847458,AT,3121.497929,0.195482546,301.3507981,172.1467534,CHRIS 38001 SR,-0.718976807,,-0.081951317,4.1713352,,0.364071282,-32.8474884,,-0.027559577,2.581180566,,0.313735017,42.57593621,,-0.038476734,16.49475313,,-0.247017947,y = 0.0021x2 - 0.0028x + 0.0035
39,CHRIS 38002 SR ,3700,SR5,SR,1,3100,3700SR5,9/1/2016,10/10/2016,11/19/2016,1,2/15/2017,128,3,0.014,10,0.30203,0.28803,0.10539,0.39342,,-0.041805339,,-0.386546928,-0.469078857,,-0.094420703,,-0.190186761,-0.273429459,,0.82669807,,-0.631046626,-0.694158275,0.00996,0.0022,7149,60.58474576,AT,6082.805799,0.220883534,308.1453616,312.804852,CHRIS 38002 SR ,-0.452375255,,0.037339863,0.6543556,,-0.223031163,-33.5194986,,-0.007664909,2.043532941,,0.040090266,43.29993454,,-0.022126154,21.1887627,,-0.032737386,y = 0.0021x2 - 0.0028x + 0.0035
40,CHRIS 38003 SR,3700,SR5,SR,1,3100,3700SR5,9/1/2016,10/10/2016,11/19/2016,1,2/15/2017,128,1,0.0028,9.5,0.19429,0.19149,0.1893,0.38079,,-0.072566354,,-0.406240671,68.6142596,,-0.397946813,,-0.461614633,88.48130841,,0.565616788,,-0.337291265,55.84684685,0.01325,0.00248,6951,58.90677966,AT,4445.794691,0.187169811,949.4764944,246.7137959,CHRIS 38003 SR,-0.599752604,,-0.120990585,3.0887078,,0.183344276,-32.4420922,,-0.039561215,2.342573841,,0.192292134,44.51759575,,0.005373172,19.00371078,,-0.132484552,y = 0.0021x2 - 0.0028x + 0.0035
38,CHRIS 38004 SR,3700,SR5,SR,1,3100,3700SR5,9/1/2016,10/10/2016,11/19/2016,1,2/15/2017,128,3.3,0.017129,4.5,0.30365,0.286521,0.26579,0.552311,,0.345181871,,-0.138790912,-0.336562566,,-0.099165067,,-0.194429403,-0.444273332,,-0.220088302,,-0.069512125,-0.161334091,0.01788,0.00286,6371,53.99152542,AT,3019.660259,0.159955257,572.2741659,166.5521911,CHRIS 38004 SR,-0.728145081,,-0.248798852,1.5720112,,-0.069843511,-33.8703171,,0.002720971,2.340551566,,0.191262863,44.13377284,,-0.003294979,18.85614207,,-0.139221033,y = 0.0021x2 - 0.0028x + 0.0035
36,CHRIS 38005 SR,3700,SR5,SR,1,3100,3700SR5,9/1/2016,10/10/2016,11/19/2016,1,2/15/2017,128,2.6,0.010416,11.5,0.39506,0.384644,0.31318,0.697824,,0.699586273,,0.088105018,-0.024146577,,0.209338065,,0.081449167,0.060323464,,-0.230009012,,0.096392613,-0.111117418,0.02934,0.00564,14752,125.0169492,AT,4260.973045,0.192229039,559.2129923,275.009574,CHRIS 38005 SR,-0.616391785,,-0.097230829,3.9922927,,0.334183054,-33.9468158,,0.004985693,2.300852935,,0.171057581,43.35822609,,-0.020809714,18.84441436,,-0.1397564,y = 0.0021x2 - 0.0028x + 0.0035
50,1.4 GC sterile,3100,GC,S,0,3100,3100GC,9/1/2016,10/10/2016,11/19/2016,1,2/16/2017,129,2.4,0.008876,5.5,0.20541,0.196534,0.28033,0.476864,,,,,,,,,,,,,,,,0.0268,0.00457,6306,53.44067797,AT,1994.055148,0.170522388,,,,,,,3.955104,,,-34.5543758,,,2.924270742,,,43.25797101,,,14.79273802,,,y = 0.0021x2 - 0.0028x + 0.0035
47,2.4 GC sterile,3100,GC,S,0,3100,3100GC,9/1/2016,10/10/2016,11/19/2016,1,2/16/2017,129,2.6,0.010416,4,0.08881,0.078394,0.07344,0.151834,,,,,,,,,,,,,,,,0.00999,0.00164,9046,76.66101695,AT,7673.77547,0.164164164,,,,,,,-2.3380144,,,-35.6094294,,,1.564350227,,,43.069017,,,27.53156951,,,y = 0.0021x2 - 0.0028x + 0.0035
49,3.4 GC sterile,3100,GC,S,0,3100,3100GC,9/1/2016,10/10/2016,11/19/2016,1,2/16/2017,129,2.1,0.006881,6.5,0.13658,0.129699,0.12667,0.256369,,,,,,,,,,,,,,,,0.04246,0.00624,16241,137.6355932,AT,3241.535403,0.146961846,,,,,,,2.2665024,,,-35.3413289,,,2.189632648,,,42.76833693,,,19.53219732,,,y = 0.0021x2 - 0.0028x + 0.0035
46,6.4 GC sterile,3100,GC,S,0,3100,3100GC,9/1/2016,10/10/2016,11/19/2016,1,2/16/2017,129,1.7,0.004809,8.5,0.1941,0.189291,0.12116,0.310451,,,,,,,,,,,,,,,,0.02754,0.00448,4876,41.3220339,AT,1500.436961,0.162672476,,,,,,,4.5015196,,,-34.3093949,,,2.179636759,,,44.57390711,,,20.45015387,,,y = 0.0021x2 - 0.0028x + 0.0035
48,7.4 GC sterile,3100,GC,S,0,3100,3100GC,9/1/2016,10/10/2016,11/19/2016,1,2/16/2017,129,2.8,0.012124,8.5,0.18312,0.170996,0.07453,0.245526,,,,,,0.1529828,,,,,0.135226,,,,,0.01589,0.00286,18500,156.779661,AT,9866.561423,0.179987413,,,4855.272881,,0.164861657,,-0.8205712,5.51290808,,-34.4176468,-34.84643516,,1.72348392,2.116274859,,40.01266726,42.73637986,,23.21615351,21.10456245,,y = 0.0021x2 - 0.0028x + 0.0035
51,1.1 SR sterile,3100,SR1,SR,0,3100,3100SR1,9/1/2016,10/10/2016,11/19/2016,1,2/16/2017,129,2,0.0063,11,0.14381,0.13751,0.17746,0.31497,,,,,,,,,,,,,,,,0.01299,0.0019,10723,90.87288136,AT,6995.602876,0.146266359,,,,,,,2.6308092,,,-34.0928911,,,1.76433385,,,42.39449484,,,24.02861275,,,y = 0.0021x2 - 0.0028x + 0.0035
54,2.1 SR sterile,3100,SR1,SR,0,3100,3100SR1,9/1/2016,10/10/2016,11/19/2016,1,2/16/2017,129,1.4,0.003696,3.5,0.23029,0.226594,0.16927,0.395864,,,,,,,,,,,,,,,,0.00689,0.00191,7716,65.38983051,AT,9490.541438,0.277213353,,,,,,,-0.2287298,,,-34.4102548,,,1.7925165,,,45.6384768,,,25.46056162,,,y = 0.0021x2 - 0.0028x + 0.0035
55,3.1 SR sterile,3100,SR1,SR,0,3100,3100SR1,9/1/2016,10/10/2016,11/19/2016,1,2/16/2017,129,1.1,0.002961,6.5,0.07817,0.075209,0.05347,0.128679,,,,,,,,,,,,,,,,0.0122,0.00276,11246,95.30508475,AT,7811.892192,0.226229508,,,,,,,4.7694808,,,-34.1667452,,,2.05993366,,,45.2886048,,,21.98546763,,,y = 0.0021x2 - 0.0028x + 0.0035
53,6.1 SR sterile,3100,SR1,SR,0,3100,3100SR1,9/1/2016,10/10/2016,11/19/2016,1,2/16/2017,129,1.7,0.004809,6.5,0.05461,0.049801,0.05262,0.102421,,,,,,,,,,,,,,,,0.00265,0.00051,5986,50.72881356,AT,19142.94851,0.19245283,,,,,,,-1.2419708,,,-31.2773551,,,3.5707068,,,45.13282,,,12.63974404,,,y = 0.0021x2 - 0.0028x + 0.0035
52,7.1 SR sterile,3100,SR1,SR,0,3100,3100SR1,9/1/2016,10/10/2016,11/19/2016,1,2/16/2017,129,2.1,0.006881,2.5,0.34145,0.334569,0.16978,0.504349,,,,,,0.1647366,,,,,0.12452,,,,,0.01222,0.00238,1209,10.24576271,AT,838.4421204,0.194762684,,,8855.885427,,0.207384947,,-1.5809868,4.86972052,,-35.8302518,-33.9554996,,1.669272869,2.171352736,,43.07634248,44.30614778,,25.80545295,21.9839678,,y = 0.0021x2 - 0.0028x + 0.0035
56,CHRIS 31001 SR sterile,3100,SR5,SR,0,3100,3100SR5,9/1/2016,10/10/2016,11/19/2016,1,2/16/2017,129,2.6,0.010416,8.5,0.18173,0.171314,0.12624,0.297554,,,,,,,,,,,,,,,,0.01805,0.00318,7404,62.74576271,AT,3476.219541,0.176177285,,,,,,,3.2490268,,,-35.0438891,,,1.134263228,,,43.10968682,,,38.00677458,,,y = 0.0021x2 - 0.0028x + 0.0035
57,CHRIS 31002 SR sterile,3100,SR5,SR,0,3100,3100SR5,9/1/2016,10/10/2016,11/19/2016,1,2/16/2017,129,3.1,0.015001,7,0.36056,0.345559,0.30858,0.654139,,,,,,,,,,,,,,,,0.01425,0.00229,12696,107.5932203,AT,7550.401427,0.160701754,,,,,,,3.399782,,,-33.9706562,,,1.4230789,,,42.2672098,,,29.7012413,,,y = 0.0021x2 - 0.0028x + 0.0035
59,CHRIS 31003 SR sterile,3100,SR5,SR,0,3100,3100SR5,9/1/2016,10/10/2016,11/19/2016,1,2/16/2017,129,2.5,0.009625,6,0.14398,0.134355,0.10626,0.240615,,,,,,,,,,,,,,,,0.00889,0.00177,11471,97.21186441,AT,10934.96787,0.199100112,,,,,,,4.1681852,,,-33.2511596,,,1.950379717,,,42.38055303,,,21.72938565,,,y = 0.0021x2 - 0.0028x + 0.0035
60,CHRIS 31004 SR sterile,3100,SR5,SR,0,3100,3100SR5,9/1/2016,10/10/2016,11/19/2016,1,2/16/2017,129,3.4,0.018256,4.5,0.14769,0.129434,0.20156,0.330994,,,,,,,,,,,,,,,,0.02295,0.00369,3073,26.04237288,AT,1134.743916,0.160784314,,,,,,,4.4914836,,,-33.5405029,,,2.352243381,,,44.70836738,,,19.00669282,,,y = 0.0021x2 - 0.0028x + 0.0035
58,CHRIS 31005 SR sterile,3100,SR5,SR,0,3100,3100SR5,9/1/2016,10/10/2016,11/19/2016,1,2/16/2017,129,2.6,0.010416,8.5,0.02069,0.010274,0.12346,0.133734,0.3103319,,0.4128091,,,0.1581872,,0.2141216,,,0.17322,,0.1986875,,,0.02248,0.00251,6298,53.37288136,AT,2374.238494,0.111654804,,,5094.11425,,0.161683654,,2.3298573,7.52766698,,-35.3300274,-34.22724704,,1.895057148,1.751004475,,39.40210166,42.37358374,,20.79203876,25.84722662,,y = 0.0021x2 - 0.0028x + 0.0035
66,21.4 GC sterile,3700,GC,S,0,3100,3700GC,9/1/2016,10/10/2016,11/19/2016,1,2/17/2017,130,3.4,0.018256,7,0.0438,0.025544,0.14892,0.174464,,,,,,,,,,,,,,,,0.0098,0.002,6779,57.44915254,AT,5862.158423,0.204081633,,,,,,,4.3529868,,,-33.8055683,,,1.888041251,,,46.64329131,,,24.70459334,,,y = 0.0021x2 - 0.0028x + 0.0035
68,22.4 GC sterile,3700,GC,S,0,3100,3700GC,9/1/2016,10/10/2016,11/19/2016,1,2/17/2017,130,2.5,0.009625,9.5,0.55095,0.541325,0.360967,0.902292,,,,,,,,,,,,,,,,0.02148,0.00536,13449,113.9745763,AT,5306.07897,0.249534451,,,,,,,1.6815678,,,-34.4672922,,,1.931823933,,,45.50102055,,,23.55339934,,,y = 0.0021x2 - 0.0028x + 0.0035
70,26.4 GC sterile,3700,GC,S,0,3100,3700GC,9/1/2016,10/10/2016,11/19/2016,1,2/17/2017,130,2.8,0.012124,9.6,0.53228,0.520156,0.31727,0.837426,,,,,,,,,,,,,,,,0.02688,0.00605,6837,57.94067797,AT,2155.531174,0.225074405,,,,,,,3.929087,,,-34.2015974,,,1.7215926,,,44.3513388,,,25.76180846,,,y = 0.0021x2 - 0.0028x + 0.0035
67,27.4 GC sterile ,3700,GC,S,0,3100,3700GC,9/1/2016,10/10/2016,11/19/2016,1,2/17/2017,130,2,0.0063,7.5,0.40459,0.39829,0.29431,0.6926,,,,,,,,,,,,,,,,0.01365,0.00273,11106,94.11864407,AT,6895.13876,0.2,,,,,,,3.5842292,,,-33.4838477,,,1.908582602,,,45.07738885,,,23.61825409,,,y = 0.0021x2 - 0.0028x + 0.0035
69,30.4 GC sterile,3700,GC,S,0,3100,3700GC,9/1/2016,10/10/2016,11/19/2016,1,2/17/2017,130,2,0.0063,9,0.42894,0.42264,0.27739,0.70003,,,,,,0.381591,,,,,0.2797714,,,,,0.02419,0.00589,16778,142.1864407,AT,5877.90164,0.243489045,,,5219.361793,,0.224435907,,1.0345448,6.91648312,,-34.1236041,-34.01638194,,1.4910321,1.788214497,,44.3996485,45.1945376,,29.77779519,25.48317008,,y = 0.0021x2 - 0.0028x + 0.0035
63,21.2 SC sterile,3700,SC,S,0,3100,3700SC,9/1/2016,10/10/2016,11/19/2016,1,2/17/2017,130,2.5,0.009625,10.5,0.64427,0.634645,0.42502,1.059665,,,,,,,,,,,,,,,,0.01166,0.00199,8502,72.05084746,AT,6179.317964,0.170668954,,,,,,,4.0591448,,,-34.3059261,,,1.985573,,,43.3849622,,,21.85009677,,,y = 0.0021x2 - 0.0028x + 0.0035
64,22.2 SC sterile,3700,SC,S,0,3100,3700SC,9/1/2016,10/10/2016,11/19/2016,1,2/17/2017,130,1.6,0.004396,10,0.68131,0.676914,0.47103,1.147944,,,,,,,,,,,,,,,,0.01696,0.00354,8917,75.56779661,AT,4455.648385,0.208726415,,,,,,,3.8415277,,,-32.8410566,,,1.497545298,,,43.76787808,,,29.22641349,,,y = 0.0021x2 - 0.0028x + 0.0035
61,26.2 SC sterile,3700,SC,S,0,3100,3700SC,9/1/2016,10/10/2016,11/19/2016,1,2/17/2017,130,1.5,0.004025,,0.12198,0.117955,0.08262,0.200575,,,,,,,,,,,,,,,,0.00657,0.0013,9518,80.66101695,AT,12277.17153,0.197869102,,,,,,,-1.0060696,,,-33.1448366,,,1.388072173,,,41.91292117,,,30.195059,,,y = 0.0021x2 - 0.0028x + 0.0035
65,27.2 SC sterile,3700,SC,S,0,3100,3700SC,9/1/2016,10/10/2016,11/19/2016,1,2/17/2017,130,1.3,0.003409,8.5,0.48419,0.480781,0.41587,0.896651,,,,,,,,,,,,,,,,0.01496,0.0027,5290,44.83050847,AT,2996.691743,0.180481283,,,,,,,4.251711,,,-34.7353957,,,1.304769,,,43.8588389,,,33.61425578,,,y = 0.0021x2 - 0.0028x + 0.0035
62,30.2 SC sterile,3700,SC,S,0,3100,3700SC,9/1/2016,10/10/2016,11/19/2016,1,2/17/2017,130,2.1,0.006881,10.5,0.69597,0.689089,0.264,0.953089,0.7564736,,,,,0.5198768,,,,,0.331708,,,,,0.01695,0.00324,6100,51.69491525,AT,3049.847508,0.191150442,,,5791.735426,,0.189779239,,0.8785236,6.4049675,,-34.6746186,-33.94036672,,1.630345809,1.561261056,,45.46064612,43.67704929,,27.88405127,28.55397526,,y = 0.0021x2 - 0.0028x + 0.0035
73,21.1 SR sterile,3700,SR1,SR,0,3100,3700SR1,9/1/2016,10/10/2016,11/19/2016,1,2/17/2017,130,2.7,0.011249,10,0.32558,0.314331,0.40728,0.721611,,,,,,,,,,,,,,,,0.01443,0.00254,14452,122.4745763,AT,8487.496623,0.176022176,,,,,,,1.4358084,,,-33.7731407,,,2.263017,,,43.9292639,,,19.41181348,,,y = 0.0021x2 - 0.0028x + 0.0035
74,22.1 SR sterile,3700,SR1,SR,0,3100,3700SR1,9/1/2016,10/10/2016,11/19/2016,1,2/17/2017,130,3.4,0.018256,10,0.19748,0.179224,0.2304,0.409624,,,,,,,,,,,,,,,,0.02059,0.00404,7465,63.26271186,AT,3072.496934,0.196211753,,,,,,,3.5399218,,,-35.2377941,,,1.8944346,,,43.4041472,,,22.91139911,,,y = 0.0021x2 - 0.0028x + 0.0035
71,26.1 SR sterile,3700,SR1,SR,0,3100,3700SR1,9/1/2016,10/10/2016,11/19/2016,1,2/17/2017,130,2.1,0.006881,4,0.10355,0.096669,0.07267,0.169339,,,,,,,,,,,,,,,,0.0187,0.00283,2817,23.87288136,AT,1276.624671,0.151336898,,,,,,,2.6809354,,,-32.2244166,,,1.4313695,,,46.1096402,,,32.21365287,,,y = 0.0021x2 - 0.0028x + 0.0035
75,27.1 SR sterile,3700,SR1,SR,0,3100,3700SR1,9/1/2016,10/10/2016,11/19/2016,1,2/17/2017,130,4,0.0259,12.2,0.37021,0.34431,0.54143,0.88574,,,,,,,,,,,,,,,,0.01104,0.00206,11664,98.84745763,AT,8953.57406,0.186594203,,,,,,,3.4186352,,,-35.3909022,,,1.69231076,,,44.9007118,,,26.53219069,,,y = 0.0021x2 - 0.0028x + 0.0035
72,30.1 SR sterile ,3700,SR1,SR,0,3100,3700SR1,9/1/2016,10/10/2016,11/19/2016,1,2/17/2017,130,3.3,0.017129,6,0.09844,0.081311,0.08327,0.164581,,,,,,0.203169,,,,,0.26701,,,,,0.0048,0.00114,8120,68.81355932,AT,14336.15819,0.2375,,,7225.270096,,0.189533006,,3.7889472,6.9728496,,-33.3497485,-33.99520042,,2.0712311,1.870472592,,44.9976445,44.66828152,,21.72507187,24.5588256,,y = 0.0021x2 - 0.0028x + 0.0035
77,CHRIS 38001 SR sterile,3700,SR5,SR,0,3100,3700SR5,9/1/2016,10/10/2016,11/19/2016,1,2/17/2017,130,2.4,0.008876,9.5,0.32228,0.313404,0.3033,0.616704,,,,,,,,,,,,,,,,0.01378,0.00265,12890,109.2372881,AT,7927.234262,0.192307692,,,,,,,2.6203312,,,-33.943778,,,2.235754358,,,42.90092132,,,19.18856656,,,y = 0.0021x2 - 0.0028x + 0.0035
79,CHRIS 38002 SR sterile,3700,SR5,SR,0,3100,3700SR5,9/1/2016,10/10/2016,11/19/2016,1,2/17/2017,130,1.6,0.004396,7.5,0.40082,0.396424,0.34459,0.741014,,,,,,,,,,,,,,,,0.00484,0.00099,1217,10.31355932,AT,2130.900686,0.204545455,,,,,,,2.252452,,,-32.4225744,,,2.370546034,,,44.94356152,,,18.95915999,,,y = 0.0021x2 - 0.0028x + 0.0035
80,CHRIS 38003 SR sterile ,3700,SR5,SR,0,3100,3700SR5,9/1/2016,10/10/2016,11/19/2016,1,2/17/2017,130,1,0.0028,1.5,0.00494,0.00214,0.00333,0.00547,,,,,,,,,,,,,,,,0.00142,0.00013,6507,55.1440678,AH,38833.85056,0.091549296,,,,,,,2.6736015,,,-34.4460276,,,1.546337425,,,43.52010042,,,28.14398703,,,y = 0.0021x2 - 0.0028x + 0.0035
78,CHRIS 38004 SR sterile,3700,SR5,SR,0,3100,3700SR5,9/1/2016,10/10/2016,11/19/2016,1,2/17/2017,130,1.9,0.005761,9.5,0.52134,0.515579,0.31692,0.832499,,,,,,,,,,,,,,,,0.02319,0.00523,2752,23.3220339,AT,1005.69357,0.225528245,,,,,,,0.822322,,,-34.0928911,,,1.668078494,,,45.16751945,,,27.07757435,,,y = 0.0021x2 - 0.0028x + 0.0035
76,CHRIS 38005 SR sterile,3700,SR5,SR,0,3100,3700SR5,9/1/2016,10/10/2016,11/19/2016,1,2/17/2017,130,1.7,0.004809,6.6,0.36757,0.362761,0.35233,0.715091,0.5261673,,0.64132045,,,0.3180616,,0.3556746,,,0.264094,,0.28564585,,,0.01092,0.00383,7268,61.59322034,AT,5640.404793,0.350732601,,,11107.61677,,0.212932658,,2.2665024,5.9904019,,-34.6543846,-33.77840703,,2.003108635,1.964764989,,44.86626444,44.27967343,,22.39831812,21.90590476,,y = 0.0021x2 - 0.0028x + 0.0035
90,1.4 GC,3100,GC,S,1,3500,3100GC,9/19/2016,10/18/2016,11/28/2016,2,2/18/2017,123,1.9,0.012082525,4,0.0794,0.067317475,0.10105,0.168367475,,-0.589932348,,-0.251233016,-0.200244094,,-0.099751047,,-0.250350847,-0.165143399,,1.354775926,,-0.251819548,-0.222034029,0.02584,0.00521,8767,74.29661017,AH,2875.255812,0.201625387,126.053,90.096,1.4 GC,-0.435282431,,-0.148865807,5.6426669,,0.649812194,-33.4617804,,0.008515386,2.219423627,,0.459048866,42.47189295,,-0.051632157,19.13645166,,-0.417491628,y = 0.0066x0.9421
87,2.4 GC,3100,GC,S,1,3500,3100GC,9/19/2016,10/18/2016,11/28/2016,2,2/18/2017,123,2.1,0.013277207,9,0.11545,0.102172793,0.07912,0.181292793,,-0.558452071,,-0.1937513,2.574384716,,0.36637552,,0.137798881,1.479922155,,-0.123415511,,-0.414190625,7.31092437,0.01309,0.00274,12387,104.9745763,AH,8019.448149,0.209320092,197.7005911,106.2950955,2.4 GC,0.575067946,,-0.116383655,-3.3007152,,-0.88035586,-35.8191987,,0.079566376,2.1979446,,0.444928556,43.8708399,,-0.020394644,19.95993889,,-0.392424902,y = 0.0066x0.9421
89,3.4 GC,3100,GC,S,1,3500,3100GC,9/19/2016,10/18/2016,11/28/2016,2,2/18/2017,123,1.2,0.007836833,15,0.43324,0.425403167,0.29488,0.720283167,,0.75428673,,2.203256772,1.475090052,,4.688994657,,3.737300737,2.682413768,,0.574508434,,1.183309764,0.680323665,0.02307,0.00471,14212,120.440678,AH,5220.662244,0.204161248,93.18566139,36.35487362,3.4 GC,0.025369527,,-0.138161014,0.4336576,,-0.241423307,-33.9655917,,0.023699917,1.8802963,,0.236106596,42.1904743,,-0.057916039,22.43820524,,-0.316987149,y = 0.0066x0.9421
86,6.4 GC,3100,GC,S,1,3500,3100GC,9/19/2016,10/18/2016,11/28/2016,2,2/18/2017,123,3.5,0.021483767,8,0.13882,0.117336233,0.20333,0.320666233,,-0.219000883,,0.426072869,1.421337811,,0.569158987,,0.306659344,2.036377219,,1.210716306,,0.5054679,1.167928351,0.02805,0.00583,8607,72.94067797,AH,2600.380676,0.207843137,123.0719619,61.253,6.4 GC,-0.489269564,,-0.12261842,-1.4829306,,-0.569341985,-35.7280377,,0.076818846,1.9055577,,0.252713438,40.8763856,,-0.087258726,21.45114031,,-0.347033137,y = 0.0066x0.9421
88,7.4 GC,3100,GC,S,1,3500,3100GC,9/19/2016,10/18/2016,11/28/2016,2,2/18/2017,123,2.4,0.015057087,8.3,0.22022,0.205162913,0.23009,0.435252913,,0.060080874,,0.935664895,0.499152934,,1.743681304,,1.284699538,1.096010848,,1.604884054,,0.703600595,0.195583268,0.02531,0.00462,12624,106.9830508,AH,4226.90837,0.182536547,75.34859504,53.49016254,7.4 GC,-0.169809723,,-0.229446753,0.4241877,,-0.243043559,-33.3200164,,0.004242715,1.489266154,,-0.020956582,37.14011232,,-0.170687111,24.93853246,,-0.240877871,y = 0.0066x0.9421
84,1.2 SC,3100,SC,S,1,3500,3100SC,9/19/2016,10/18/2016,11/28/2016,2,2/18/2017,123,1.1,0.007220046,5,0.11851,0.111289954,0.1225,0.233789954,,-0.430592533,,0.039715056,0.031231509,,0.096287169,,0.239327824,0.29227395,,-0.304245445,,-0.093002421,-0.128672025,0.01289,0.00303,17592,149.0847458,AH,11565.92287,0.235065943,254.6425293,84.86328555,1.2 SC,1.59393319,,0.116673937,3.0625752,,-0.11757769,-34.6131066,,0.028390715,2.008669589,,0.153909534,42.2476441,,-0.061671844,21.03264984,,-0.241210927,y = 0.0066x0.9421
85,2.2 SC,3100,SC,S,1,3500,3100SC,9/19/2016,10/18/2016,11/28/2016,2,2/18/2017,123,1.6,0.010276503,7.5,0.14775,0.137473497,0.27224,0.409713497,,-0.002121688,,0.822085527,0.376080538,,0.354214154,,0.53090844,0.016068221,,-0.455238987,,1.015681803,0.675941886,0.0298,0.0055,14119,119.6525424,AH,4015.185986,0.184563758,482.6617922,419.270834,2.2 SC,-0.099499079,,-0.123235226,0.0926022,,-0.488656278,-34.4980614,,0.024972605,1.851429456,,0.063580647,40.91726444,,-0.091219828,22.10036376,,-0.202691308,y = 0.0066x0.9421
82,3.2 SC,3100,SC,S,1,3500,3100SC,9/19/2016,10/18/2016,11/28/2016,2,2/18/2017,123,2,0.012680731,3.5,0.0872,0.074519269,0.0856,0.160119269,,-0.610021278,,-0.287914592,0.261348621,,-0.265930881,,-0.170151481,0.664754662,,1.030322643,,-0.366212304,0.041615965,0.01953,0.00305,14614,123.8474576,AH,6341.39568,0.156169995,525.5387957,335.0362741,3.2 SC,0.422208752,,-0.258118973,0.1990864,,-0.475351778,-35.2098079,,0.046119319,2.683219021,,0.541414291,38.18676946,,-0.151864637,14.23170049,,-0.48656689,y = 0.0066x0.9421
81,6.2 SC,3100,SC,S,1,3500,3100SC,9/19/2016,10/18/2016,11/28/2016,2,2/18/2017,123,2.5,0.015647437,5,0.04107,0.025422563,0.04366,0.069082563,,-0.831745862,,-0.692774734,-0.73715803,,-0.749569223,,-0.716893677,-0.74346367,,0.399977967,,-0.676738659,-0.733341477,0.00993,0.00215,10327,87.51694915,AH,8813.388636,0.216515609,171.8700419,88.87835723,6.2 SC,0.976611945,,0.028551114,1.4013992,,-0.325130703,-34.5673784,,0.027032083,2.701984682,,0.552194499,40.64539996,,-0.097257989,15.04279437,,-0.457305281,y = 0.0066x0.9421
83,7.2 SC,3100,SC,S,1,3500,3100SC,9/19/2016,10/18/2016,11/28/2016,2,2/18/2017,123,1.1,0.007220046,7,0.12721,0.119989954,0.17962,0.299609954,,-0.270284535,,0.332430991,-0.062387246,,0.181988511,,0.33621125,-0.156755218,,0.584227268,,0.329917593,0.013370945,0.02976,0.0049,8793,74.51694915,AH,2503.929743,0.164650538,358.6782898,232.0121877,7.2 SC,-0.438434223,,-0.2178324,2.7381944,,-0.158106937,-33.7529599,,0.002834879,1.056648476,,-0.392992876,38.8288919,,-0.137602976,36.747218,,0.325719189,y = 0.0066x0.9421
91,1.1 SR,3100,SR1,SR,1,3500,3100SR1,9/19/2016,10/18/2016,11/28/2016,2,2/20/2017,125,1.5,0.00967029,3.8,0.04642,0.03674971,0.02129,0.05803971,,-0.858641299,,-0.741884716,0.002945274,,-0.348455088,,-0.590754273,0.621840049,,0.29827462,,-0.842367523,-0.395342232,0.01475,0.00238,5307,44.97457627,AH,3049.123815,0.161355932,156.752894,196.7947428,1.1 SR,-0.431222941,,-0.337529381,2.0504395,,1.298190199,-34.5442498,,0.016029207,3.139540057,,1.121527995,40.44949748,,-0.060571539,12.88389278,,-0.567124986,y = 0.0066x0.9421
94,2.1 SR,3100,SR1,SR,1,3500,3100SR1,9/19/2016,10/18/2016,11/28/2016,2,2/20/2017,125,1.9,0.012082525,5.5,0.10257,0.090487475,0.10844,0.198927475,,-0.515501895,,-0.115326013,0.474808484,,0.604275351,,0.007670876,0.642431752,,1.885243122,,-0.197103531,0.359067552,0.01551,0.00222,8286,70.22033898,AH,4527.423532,0.143133462,695.7700813,326.3498063,2.1 SR,-0.155464062,,-0.412344424,3.5389926,,1.863600058,-35.2885108,,0.037919708,1.818523369,,0.228857784,38.66969645,,-0.101906929,21.26433847,,-0.285557481,y = 0.0066x0.9421
95,3.1 SR,3100,SR1,SR,1,3500,3100SR1,9/19/2016,10/18/2016,11/28/2016,2,2/20/2017,125,2.2,0.01387204,5.5,0.07267,0.05879796,0.00911,0.06790796,,-0.834606668,,-0.69799845,3.115706325,,0.042443917,,-0.345224387,12.86839277,,-0.09279749,,-0.932548996,-0.256933116,0.01531,0.00269,6691,56.70338983,AH,3703.683203,0.175702155,351.4606079,308.123716,3.1 SR,-0.309122828,,-0.278628843,3.0273967,,1.669276211,-34.282999,,0.008345195,1.815325753,,0.226697011,41.67238074,,-0.032170411,22.95586932,,-0.228725167,y = 0.0066x0.9421
93,6.1 SR,3100,SR1,SR,1,3500,3100SR1,9/19/2016,10/18/2016,11/28/2016,2,2/20/2017,125,1.6,0.010276503,3,0.0856,0.075323497,0.11559,0.190913497,,-0.535020351,,-0.150965925,-0.513389038,,0.335429346,,-0.161195577,-0.448069989,,-0.537284327,,-0.144164489,-0.548229501,0.01451,0.00194,9384,79.52542373,AH,5480.732166,0.133700896,41.0073267,26.11593331,6.1 SR,0.022364099,,-0.451071218,3.6063084,,1.889169195,-33.351315,,-0.019057865,1.991159661,,0.345515868,44.16682459,,0.025762362,22.1814581,,-0.254743954,y = 0.0066x0.9421
92,7.1 SR,3100,SR1,SR,1,3500,3100SR1,9/19/2016,10/18/2016,11/28/2016,2,2/20/2017,125,2.1,0.013277207,3,0.04651,0.033232793,0.0611,0.094332793,,-0.770247627,,-0.580481439,-0.38026321,,-0.4108074,,-0.629918752,-0.47709596,,0.903641528,,-0.54761182,-0.31085044,0.01071,0.00176,5957,50.48305085,AH,4713.636867,0.1643324,61.14785272,172.6941635,7.1 SR,-0.120728224,,-0.325309052,3.5259263,,1.858636974,-35.3199014,,0.03884298,1.8228634,,0.231790538,41.20986798,,-0.042912143,22.60721675,,-0.240439249,y = 0.0066x0.9421
96,CHRIS 31001 SR,3100,SR5,SR,1,3500,3100SR5,9/19/2016,10/18/2016,11/28/2016,2,2/20/2017,125,1.5,0.00967029,3,0.0489,0.03922971,0.0402,0.07942971,,-0.806544853,,-0.646758708,-0.501224667,,-0.689880694,,-0.563136929,-0.429464668,,-0.881998869,,-0.702356713,-0.555752017,0.01324,0.00194,4672,39.59322034,AH,2990.424497,0.14652568,219.7507215,117.7468924,CHRIS 31001 SR,-0.293679588,,-0.137766041,4.9250388,,1.255267291,-33.8945979,,0.0009441,2.799892306,,0.827194746,40.56846948,,-0.088827179,14.48929639,,-0.516444173,y = 0.0066x0.9421
97,CHRIS 31002 SR,3100,SR5,SR,1,3500,3100SR5,9/19/2016,10/18/2016,11/28/2016,2,2/20/2017,125,1.3,0.008450647,3,0.01818,0.009729353,0.1219,0.131629353,,-0.679409935,,-0.414615479,-0.550956224,,-0.923087369,,-0.891653672,-0.90798149,,-0.39896465,,-0.097444858,-0.349519744,0.00739,0.00105,5382,45.61016949,AH,6171.876792,0.142083897,137.9104402,162.2760364,CHRIS 31002 SR,0.45776045,,-0.163903822,5.6707136,,1.443691792,-33.6224506,,-0.007092703,2.474820245,,0.615054457,41.05701577,,-0.077854369,16.58989814,,-0.446340133,y = 0.0066x0.9421
99,CHRIS 31003 SR,3100,SR5,SR,1,3500,3100SR5,9/19/2016,10/18/2016,11/28/2016,2,2/20/2017,125,1.5,0.00967029,3.2,0.04132,0.03164971,0.04832,0.07996971,,-0.805229655,,-0.64435721,-0.80929959,,-0.749802226,,-0.647548006,-0.837683258,,-0.949507266,,-0.642235731,-0.784631842,0.01786,0.00271,7183,60.87288136,AH,3408.336022,0.151735722,94.02416322,69.04954236,CHRIS 31003 SR,-0.19497138,,-0.107107421,3.6766913,,0.939822468,-33.5002592,,-0.010701148,2.347274397,,0.531818719,41.28467415,,-0.072741134,17.58834596,,-0.413018621,y = 0.0066x0.9421
100,CHRIS 31004 SR,3100,SR5,SR,1,3500,3100SR5,9/19/2016,10/18/2016,11/28/2016,2,2/20/2017,125,2,0.012680731,4,0.06127,0.048589269,0.06382,0.112409269,,-0.726221439,,-0.500091396,-0.719246877,,-0.615891364,,-0.458908636,-0.654401966,,-0.359335336,,-0.527472772,-0.754340044,0.01293,0.00211,4572,38.74576271,AH,2996.578709,0.163186388,21.62297155,32.55886401,CHRIS 31004 SR,-0.292225999,,-0.039725695,6.3452318,,1.614135739,-35.1902886,,0.039207247,1.83675216,,0.198654637,36.40628946,,-0.182310255,19.82101356,,-0.338507106,y = 0.0066x0.9421
98,CHRIS 31005 SR,3100,SR5,SR,1,3500,3100SR5,9/19/2016,10/18/2016,11/28/2016,2,2/20/2017,125,1.4,0.009061731,3,0.05152,0.042458269,0.05216,0.094618269,,-0.769552335,,-0.579211864,-0.63953532,,-0.664358239,,-0.527183612,-0.653174564,,-0.661349503,,-0.613804133,-0.627614764,0.0097,0.00154,9786,82.93220339,AH,8549.71169,0.158762887,45.18999571,71.66648328,CHRIS 31005 SR,1.019390857,,-0.065755896,3.0282348,,0.77596405,-34.2476812,,0.011371032,1.491376656,,-0.02673557,41.69758706,,-0.063467059,27.95912549,,-0.066911348,y = 0.0066x0.9421
103,21.2 SC,3700,SC,S,1,3500,3700SC,9/19/2016,10/18/2016,11/28/2016,2,2/20/2017,125,2.3,0.014465309,4,0.07187,0.057404691,0.13329,0.190694691,,-0.535553264,,-0.559965189,-0.755032912,,-0.761839202,,-0.703978588,-0.817333912,,-0.824563725,,-0.483353069,-0.71285465,0.02184,0.00382,14867,125.9915254,AH,5768.842739,0.174908425,735.8249758,457.3551465,21.2 SC,-0.093579516,,-0.016814582,2.929882,,-0.14362376,-33.664942,,-0.027340467,1.701433894,,0.066056288,38.58574307,,-0.118133257,22.67836747,,-0.200277802,y = 0.0066x0.9421
104,22.2 SC,3700,SC,S,1,3500,3700SC,9/19/2016,10/18/2016,11/28/2016,2,2/20/2017,125,1.3,0.008450647,4.5,0.05918,0.050729353,0.14388,0.194609353,,-0.526018903,,-0.550931967,-0.719358632,,-0.78953387,,-0.738401611,-0.86653858,,-0.788378339,,-0.442305046,-0.54081828,0.02547,0.00402,5660,47.96610169,AH,1883.239171,0.157832744,1467.808217,953.8530214,22.2 SC,-0.704098961,,-0.112799441,4.6500524,,0.068950287,-34.737344,,0.003643754,1.513207664,,-0.051879388,39.81067907,,-0.090137676,26.30880086,,-0.07225544,y = 0.0066x0.9421
101,26.2 SC,3700,SC,S,1,3500,3700SC,9/19/2016,10/18/2016,11/28/2016,2,2/20/2017,125,1.6,0.010276503,1.5,0.02068,0.010403497,0.02055,0.030953497,,-0.924611165,,-0.9285737,-0.915299959,,-0.956837933,,-0.946351808,-0.942057433,,-0.896405276,,-0.920345904,-0.889456697,0.01001,0.00151,5143,43.58474576,AH,4354.120456,0.150849151,186.2579862,143.6335527,26.2 SC,-0.315865564,,-0.152055222,2.7231404,,-0.169172333,-33.0791677,,-0.044264868,2.521947122,,0.580159886,42.64067034,,-0.025458989,16.90783679,,-0.403767823,y = 0.0066x0.9421
105,27.2 SC,3700,SC,S,1,3500,3700SC,9/19/2016,10/18/2016,11/28/2016,2,2/20/2017,125,2,0.012680731,6,0.07767,0.064989269,0.09262,0.157609269,,-0.616134512,,-0.636310982,0.165598373,,-0.730372276,,-0.664866846,0.150507593,,-0.864354418,,-0.640994533,0.176425759,0.00906,0.00172,3624,30.71186441,AH,3389.830508,0.189845475,550.5453912,711.3916944,27.2 SC,-0.467378129,,0.067148725,4.0505885,,-0.005129855,-33.7189808,,-0.025779159,1.51653075,,-0.049797263,42.90357076,,-0.019450471,28.29060392,,-0.002369814,y = 0.0066x0.9421
102,30.2 SC,3700,SC,S,1,3500,3700SC,9/19/2016,10/18/2016,11/28/2016,2,2/20/2017,125,1.9,0.012082525,2,0.02498,0.012897475,0.02054,0.033437475,,-0.918561308,,-0.922841832,-0.955073191,,-0.946490907,,-0.933490997,-0.953060067,,-0.591938663,,-0.920384665,-0.956251331,0.00855,0.00134,11098,94.05084746,AH,11000.09912,0.156725146,607.9655643,272.6257085,30.2 SC,0.728373545,,-0.119025409,1.5419032,,-0.315146459,-34.0787273,,-0.015385235,2.819277367,,0.76645615,41.37159059,,-0.054463464,14.6745372,,-0.482522137,y = 0.0066x0.9421
106,21.4 GC,3700,GC,S,1,3500,3700GC,9/19/2016,10/18/2016,11/28/2016,2,2/21/2017,126,2.1,0.013277207,3.4,0.03958,0.026302793,0.05304,0.079342793,,-0.806756543,,-0.816913671,-0.698725875,,-0.863254398,,-0.864363177,-0.77595095,,-0.839688629,,-0.794411035,-0.636612771,0.00834,0.00202,7245,61.39830508,AH,7361.907085,0.242206235,349.4534451,382.1519175,21.4 GC,0.296968561,,0.309696685,1.8068536,,0.125746058,-32.5045221,,-0.061215901,2.456142967,,0.545128141,43.92566587,,0.014883806,17.88400205,,-0.438660692,y = 0.0066x0.9421
108,22.4 GC,3700,GC,S,1,3500,3700GC,9/19/2016,10/18/2016,11/28/2016,2,2/21/2017,126,1.7,0.010880525,3,0.05377,0.042889475,0.06398,0.106869475,,-0.739713893,,-0.753394869,-0.666702521,,-0.777021889,,-0.778829871,-0.512801826,,-0.513881689,,-0.752006372,-0.724947337,0.01492,0.0025,11666,98.86440678,AH,6626.300722,0.167560322,140.2936411,199.7815876,22.4 GC,0.16737465,,-0.093940756,2.1318526,,0.188752011,-33.6268342,,-0.02880168,1.745185807,,0.097874081,37.27255257,,-0.138833544,21.35735486,,-0.329639822,y = 0.0066x0.9421
110,26.4 GC,3700,GC,S,1,3500,3700GC,9/19/2016,10/18/2016,11/28/2016,2,2/21/2017,126,2,0.012680731,2.5,0.03409,0.021409269,0.03132,0.052729269,,-0.871575151,,-0.878325328,-0.931825663,,-0.888695342,,-0.889597837,-0.935369703,,-0.807307327,,-0.878600181,-0.929170718,0.00719,0.00154,6129,51.94067797,AH,7224.016407,0.21418637,318.5584338,155.5793038,26.4 GC,0.272675959,,0.158183144,2.5455032,,0.268944412,-34.1212187,,-0.014523042,2.950196745,,0.855931057,43.37011743,,0.002048096,14.70075428,,-0.538575806,y = 0.0066x0.9421
107,27.4 GC,3700,GC,S,1,3500,3700GC,9/19/2016,10/18/2016,11/28/2016,2,2/21/2017,126,2.4,0.015057087,3,0.03082,0.015762913,0.04101,0.056772913,,-0.861726648,,-0.868994475,-0.839372567,,-0.918050184,,-0.918714661,-0.906598274,,-0.745495729,,-0.841040658,-0.777940221,0.01333,0.00229,9706,82.25423729,AH,6170.610449,0.171792948,629.9626883,221.2470888,27.4 GC,0.087094371,,-0.071053417,-0.171242,,-0.257737576,-33.9644052,,-0.019052074,1.665201618,,0.04755705,39.19703122,,-0.094369284,23.53891012,,-0.261165623,y = 0.0066x0.9421
109,30.4 GC,3700,GC,S,1,3500,3700GC,9/19/2016,10/18/2016,11/28/2016,2,2/21/2017,126,3,0.01857975,5.5,0.09985,0.08127025,0.12337,0.20464025,,-0.501588137,,-0.527785314,-0.594498184,,-0.57748406,,-0.580909962,-0.6828964,,-0.791994002,,-0.521804097,-0.503281395,0.01839,0.00407,3846,32.59322034,AH,1772.333896,0.221315933,359.5670521,239.6899744,30.4 GC,-0.687762788,,0.196735269,1.1494956,,-0.001692694,-35.0661465,,0.012768028,1.397616658,,-0.120777228,42.48803616,,-0.018332016,30.40035043,,-0.045800172,y = 0.0066x0.9421
113,21.1 SR,3700,SR1,SR,1,3500,3700SR1,9/19/2016,10/18/2016,11/28/2016,2,2/21/2017,126,1.5,0.00967029,3.9,0.04444,0.03476971,0.0474,0.08216971,,-0.799871442,,-0.810390459,-0.778627793,,-0.787723348,,-0.820701436,-0.763685969,,-0.454793109,,-0.816272305,-0.78844008,0.01311,0.0021,12727,107.8559322,AH,8226.997117,0.160183066,137.370445,83.17478374,21.1 SR,0.765946531,,-0.192532204,0.2231728,,-0.04744632,-33.7185621,,-0.023566624,1.640224569,,-0.122441187,41.53478135,,-0.076389669,25.3226187,,0.049689205,y = 0.0066x0.9421
114,22.1 SR,3700,SR1,SR,1,3500,3700SR1,9/19/2016,10/18/2016,11/28/2016,2,2/21/2017,126,1.2,0.007836833,4.5,0.0852,0.077363167,0.14144,0.218803167,,-0.467093624,,-0.495103877,,,-0.527681017,,-0.601057797,,,-0.411475973,,-0.451762759,,0.01982,0.00355,3387,28.70338983,AH,1448.203321,0.179112008,59.61286555,215.7445512,22.1 SR,-0.689139355,,-0.097113184,0.7229656,,0.065283964,-34.363015,,-0.004904342,2.404781019,,0.286614538,39.77223364,,-0.115583502,16.53881718,,-0.314422491,y = 0.0066x0.9421
111,26.1 SR,3700,SR1,SR,1,3500,3700SR1,9/19/2016,10/18/2016,11/28/2016,2,2/21/2017,126,2,0.012680731,3.9,0.03731,0.024629269,0.05675,0.081379269,,-0.801796601,,-0.81221443,-0.710877348,,-0.849632949,,-0.872993115,-0.790584732,,-0.915942669,,-0.78003066,-0.653667765,0.01045,0.00245,9220,78.13559322,AH,7477.09026,0.234449761,1096.580604,633.9502305,26.1 SR,0.604977055,,0.181839233,0.9859088,,0.124591864,-34.0584933,,-0.013722783,2.675901775,,0.431670534,43.04639406,,-0.042775886,16.08668691,,-0.33316448,y = 0.0066x0.9421
115,27.1 SR,3700,SR1,SR,1,3500,3700SR1,9/19/2016,10/18/2016,11/28/2016,2,2/21/2017,126,1.5,0.00967029,2,0.02943,0.01975971,0.01454,0.03429971,,-0.916461291,,-0.920852194,-0.932418782,,-0.879362667,,-0.898104194,-0.914994878,,-0.621148906,,-0.943641336,-0.947142649,0.00565,0.00092,3313,28.07627119,AH,4969.251537,0.162831858,2776.787064,1363.360644,27.1 SR,0.066662889,,-0.179179892,1.9258071,,0.336589722,-34.374133,,-0.004582384,2.21472597,,0.184930606,39.22753335,,-0.12769602,17.7121386,,-0.265785229,y = 0.0066x0.9421
112,30.1 SR,3700,SR1,SR,1,3500,3700SR1,9/19/2016,10/18/2016,11/28/2016,2,2/21/2017,126,2.5,0.015647437,4.8,0.05857,0.042922563,0.08749,0.130412563,,-0.68237349,,-0.699068353,-0.047386126,,-0.737948405,,-0.778659244,-0.086942612,,-0.915983573,,-0.660878986,-0.026699299,0.01746,0.00339,8206,69.54237288,AH,3982.953773,0.194158076,175.8302652,179.6532739,30.1 SR,-0.145048515,,-0.021267368,1.9338479,,0.338403357,-34.1999658,,-0.009625975,2.10924176,,0.128494067,41.32464437,,-0.081062492,19.59218006,,-0.187852561,y = 0.0066x0.9421
130,1.4 GC sterile,3100,GC,S,0,3500,3100GC,9/19/2016,10/18/2016,11/28/2016,2,2/22/2017,127,2.6,0.016236422,5.3,0.09687,0.080633578,0.12989,0.210523578,,,,,,,,,,,,,,,,0.01715,0.00354,9169,77.70338983,AH,4530.809903,0.206413994,,,,,,,3.8863128,,,-34.9326021,,,1.676667515,,,45.19466318,,,26.95505386,,,y = 0.0066x0.9421
127,2.4 GC sterile,3100,GC,S,0,3500,3100GC,9/19/2016,10/18/2016,11/28/2016,2,2/22/2017,127,1,0.0066,3.5,0.0478,0.0412,0.00952,0.05072,,,,,,,,,,,,,,,,0.0127,0.00479,6287,53.27966102,AH,4195.248899,0.377165354,,,,,,,-1.7649588,,,-28.6894014,,,1.268271125,,,47.01926927,,,37.07351555,,,y = 0.0066x0.9421
129,3.4 GC sterile,3100,GC,S,0,3500,3100GC,9/19/2016,10/18/2016,11/28/2016,2,2/22/2017,127,2.4,0.015057087,5.7,0.13058,0.115522913,0.17549,0.291012913,,,,,,,,,,,,,,,,0.01364,0.00311,8159,69.1440678,AH,5069.213182,0.228005865,,,,,,,4.8034084,,,-34.6860138,,,2.025463246,,,46.05984371,,,22.74039966,,,y = 0.0066x0.9421
126,6.4 GC sterile,3100,GC,S,0,3500,3100GC,9/19/2016,10/18/2016,11/28/2016,2,2/22/2017,127,1.6,0.010276503,3.5,0.04892,0.038643497,0.09379,0.132433497,,,,,,,,,,,,,,,,0.01053,0.00194,7517,63.70338983,AH,6049.704637,0.184235518,,,,,,,-1.139716,,,-33.9502414,,,0.763997922,,,40.9565261,,,53.60816423,,,y = 0.0066x0.9421
128,7.4 GC sterile,3100,GC,S,0,3500,3100GC,9/19/2016,10/18/2016,11/28/2016,2,2/22/2017,127,2.5,0.015647437,4.5,0.11353,0.097882563,0.19245,0.290332563,,,,,,0.07477651,,,,,0.120228,,,,,0.01548,0.00292,10252,86.88135593,AH,5612.490693,0.188630491,,,5091.493463,,0.236890244,,3.4384826,5.8447058,,-33.6379728,-33.1792463,,1.871320872,1.521144136,,44.69068601,44.78419765,,23.88189362,32.85180538,,y = 0.0066x0.9421
124,1.2 SC sterile,3100,SC,S,0,3500,3100SC,9/19/2016,10/18/2016,11/28/2016,2,2/22/2017,127,1.7,0.010880525,4.5,0.097,0.086119475,0.14059,0.226709475,,,,,,,,,,,,,,,,0.01318,0.00329,7092,60.10169492,AH,4560.067899,0.249620637,,,,,,,5.4456673,,,-33.0162364,,,1.997631083,,,46.9945539,,,23.5251415,,,y = 0.0066x0.9421
125,2.2 SC sterile,3100,SC,S,0,3500,3100SC,9/19/2016,10/18/2016,11/28/2016,2,2/22/2017,127,1.7,0.010880525,4.5,0.14618,0.135299475,0.16244,0.297739475,,,,,,,,,,,,,,,,0.01385,0.00285,7966,67.50847458,AH,4874.258092,0.205776173,,,,,,,0.6161618,,,-34.500708,,,2.004549271,,,44.6984009,,,22.29847954,,,y = 0.0066x0.9421
122,3.2 SC sterile,3100,SC,S,0,3500,3100SC,9/19/2016,10/18/2016,11/28/2016,2,2/22/2017,127,2.4,0.015057087,4.8,0.05982,0.044762913,0.08218,0.126942913,,,,,,,,,,,,,,,,0.00846,0.00183,3860,32.71186441,AH,3866.650639,0.216312057,,,,,,,5.2024331,,,-32.7266328,,,1.704391016,,,44.38139053,,,26.03944172,,,y = 0.0066x0.9421
121,6.2 SC sterile,3100,SC,S,0,3500,3100SC,9/19/2016,10/18/2016,11/28/2016,2,2/22/2017,127,2,0.012680731,5.5,0.11178,0.099099269,0.16373,0.262829269,,,,,,,,,,,,,,,,0.00971,0.00173,5212,44.16949153,AH,4548.866275,0.178166838,,,,,,,4.7360667,,,-34.389322,,,2.003401684,,,45.10731543,,,22.51536265,,,y = 0.0066x0.9421
123,7.2 SC sterile ,3100,SC,S,0,3500,3100SC,9/19/2016,10/18/2016,11/28/2016,2,2/22/2017,127,3.2,0.019744481,8.5,0.16204,0.142295519,0.17725,0.319545519,0.22087892,,,,,0.10151533,,,,,0.145238,,,,,0.01056,0.00214,5538,46.93220339,AH,4444.337442,0.202651515,,,4458.836069,,0.210505444,,4.0177844,8.00362266,,-33.654825,-33.65754484,,0.993783737,1.740751358,,43.94024268,45.02438069,,44.21509535,27.71870415,,y = 0.0066x0.9421
131,1.1 SR sterile,3100,SR1,SR,0,3500,3100SR1,9/19/2016,10/18/2016,11/28/2016,2,2/22/2017,127,2,0.012680731,3,0.03534,0.022659269,0.03521,0.057869269,,,,,,,,,,,,,,,,0.00633,0.00151,3052,25.86440678,AH,4086.004231,0.238546603,,,,,,,-1.7659252,,,-33.5822798,,,1.591265314,,,41.72810376,,,26.22322211,,,y = 0.0066x0.9421
134,2.1 SR sterile,3100,SR1,SR,0,3500,3100SR1,9/19/2016,10/18/2016,11/28/2016,2,2/22/2017,127,0.7,0.004716402,3.5,0.05981,0.055093598,0.07979,0.134883598,,,,,,,,,,,,,,,,0.01926,0.00372,11303,95.78813559,AH,4973.423447,0.193146417,,,,,,,-3.8716097,,,-34.3852716,,,1.762146489,,,44.12319092,,,25.03945682,,,y = 0.0066x0.9421
135,3.1 SR sterile,3100,SR1,SR,0,3500,3100SR1,9/19/2016,10/18/2016,11/28/2016,2,2/22/2017,127,1.5,0.00967029,2.5,0.01391,0.00423971,0.01226,0.01649971,,,,,,,,,,,,,,,,0.0018,0.00056,1344,11.38983051,AH,6327.683616,0.311111111,,,,,,,-1.4442932,,,-33.9447906,,,1.242167675,,,43.93069466,,,35.36615512,,,y = 0.0066x0.9421
133,6.1 SR sterile,3100,SR1,SR,0,3500,3100SR1,9/19/2016,10/18/2016,11/28/2016,2,2/22/2017,127,2.4,0.015057087,6.4,0.15153,0.136472913,0.25586,0.392332913,,,,,,,,,,,,,,,,0.01353,0.00315,7762,65.77966102,AH,4861.763564,0.232815965,,,,,,,1.2986247,,,-34.1290838,,,1.629097758,,,44.66142377,,,27.41482121,,,y = 0.0066x0.9421
132,7.1 SR sterile,3100,SR1,SR,0,3500,3100SR1,9/19/2016,10/18/2016,11/28/2016,2,2/22/2017,127,2.9,0.017995714,6,0.08155,0.063554286,0.08866,0.152214286,,,,,,0.056403955,,,,,0.094356,,,,,0.00578,0.0014,4471,37.88983051,AH,6555.333998,0.242214533,,,5360.841771,,0.243566926,,-1.0533093,2.63269746,,-33.9549166,-33.99926848,,1.174565348,1.479848517,,40.84438768,43.05756016,,34.77404452,29.76353996,,y = 0.0066x0.9421
136,CHRIS 31001 SR sterile,3100,SR5,SR,0,3500,3100SR5,9/19/2016,10/18/2016,11/28/2016,2,2/22/2017,127,1.7,0.010880525,4,0.07964,0.068759475,0.09049,0.159249475,,,,,,,,,,,,,,,,0.0614,0.00158,4562,38.66101695,AH,629.6582565,0.025732899,,,,,,,-0.4542572,,,-33.9633935,,,1.277041867,,,44.4113963,,,34.77677393,,,y = 0.0066x0.9421
137,CHRIS 31002 SR sterile,3100,SR5,SR,0,3500,3100SR5,9/19/2016,10/18/2016,11/28/2016,2,2/22/2017,127,2.5,0.015647437,7.2,0.12138,0.105732563,0.1874,0.293132563,,,,,,,,,,,,,,,,0.00608,0.00134,4384,37.15254237,AH,6110.615522,0.220394737,,,,,,,0.2783708,,,-32.7867864,,,1.797329142,,,44.26650023,,,24.62904494,,,y = 0.0066x0.9421
138,CHRIS 31005 SR sterile,3100,SR5,SR,0,3500,3100SR5,9/19/2016,10/18/2016,11/28/2016,2,2/22/2017,127,1.5,0.00967029,5.5,0.13209,0.12241971,0.14007,0.26248971,0.228840361,,0.224859641,,,0.126498767,,0.089798641,,,0.180422,,0.135061,,,0.01053,0.00211,6339,53.72033898,AH,5101.646627,0.200379867,,,4233.80727,,0.169937264,,0.471062,3.95741952,,-33.654825,-33.86262818,,1.17192557,1.532344767,,43.97363438,44.52335336,,37.5225488,29.96406121,,y = 0.0066x0.9421
117,CHRIS 38001 SR,3700,SR5,SR,1,3500,3700SR5,9/19/2016,10/18/2016,11/28/2016,2,2/22/2017,127,2,0.012680731,1.75,0.03705,0.024369269,0.0328,0.057169269,,-0.860761303,,-0.86807987,-0.830207102,,-0.863482791,,-0.874333869,-0.847166705,,-0.912369023,,-0.872863536,-0.814950635,0.00705,0.00158,3123,26.46610169,AH,3754.056978,0.224113475,301.3507981,172.1467534,CHRIS 38001 SR,-0.689615577,,-0.551987078,0.1609496,,-0.18979068,-32.218211,,-0.052440953,2.524288112,,0.52140057,46.09988014,,0.030530904,18.26252713,,-0.358853993,y = 0.0066x0.9421
119,CHRIS 38002 SR ,3700,SR5,SR,1,3500,3700SR5,9/19/2016,10/18/2016,11/28/2016,2,2/22/2017,127,0.9,0.005976347,1.5,0.01033,0.004353653,0.01339,0.017743653,,-0.95678442,,-0.959055887,-0.968844871,,-0.975610735,,-0.977549317,-0.979364217,,-0.797774668,,-0.948098864,-0.962655139,0.00527,0.00101,3253,27.56779661,AH,5231.080951,0.191650854,308.1453616,312.804852,CHRIS 38002 SR ,-0.567495631,,-0.616881319,2.00657,,0.16958374,-33.7104685,,-0.008552666,2.126203261,,0.281472918,41.73298301,,-0.067088058,19.6279367,,-0.3109183,y = 0.0066x0.9421
120,CHRIS 38003 SR,3700,SR5,SR,1,3500,3700SR5,9/19/2016,10/18/2016,11/28/2016,2,2/22/2017,127,2.5,0.015647437,3.5,0.05473,0.039082563,0.05018,0.089262563,,-0.782596433,,-0.794023448,-0.779847719,,-0.781058578,,-0.798461149,-0.810249594,,-0.396566436,,-0.805496714,-0.748458569,0.01458,0.00266,6663,56.46610169,AH,3872.846481,0.182441701,949.4764944,246.7137959,CHRIS 38003 SR,-0.679794093,,-0.63529083,1.8132359,,0.131938226,-31.9449056,,-0.060479047,1.505776488,,-0.092461278,40.42434753,,-0.096341698,26.8461806,,-0.057506042,y = 0.0066x0.9421
118,CHRIS 38004 SR,3700,SR5,SR,1,3500,3700SR5,9/19/2016,10/18/2016,11/28/2016,2,2/22/2017,127,2.8,0.017410511,3.25,0.04972,0.032309489,0.07028,0.102589489,,-0.750138019,,-0.76327109,-0.750558187,,-0.819001495,,-0.833388171,-0.776800705,,-0.757884228,,-0.727586869,-0.736304968,0.01552,0.00301,6987,59.21186441,AH,3815.197449,0.193943299,572.2741659,166.5521911,CHRIS 38004 SR,-0.684560499,,-0.612298618,-0.0668676,,-0.234150654,-33.9704754,,-0.00090569,2.161474581,,0.302731112,41.75917315,,-0.066502596,19.31976139,,-0.32173747,y = 0.0066x0.9421
116,CHRIS 38005 SR,3700,SR5,SR,1,3500,3700SR5,9/19/2016,10/18/2016,11/28/2016,2,2/22/2017,127,2.5,0.015647437,6,0.06697,0.051322563,0.07707,0.128392563,,-0.687293304,,-0.703729575,-0.624071233,,-0.712489814,,-0.735342578,-0.700541024,,-0.937967166,,-0.70126807,-0.547046723,0.02573,0.00514,1434,12.15254237,AH,472.310236,0.199766809,559.2129923,275.009574,CHRIS 38005 SR,-0.960949516,,-0.600657159,1.5679915,,0.084184872,-33.675439,,-0.009582907,2.838746227,,0.710925986,44.75518713,,0.000471223,15.76582884,,-0.446506054,y = 0.0066x0.9421
139,CHRIS 31003 SR sterile,3100,SR5,SR,0,3500,3100SR5,9/19/2016,10/18/2016,11/28/2016,2,2/23/2017,128,3.1,0.01916266,4.7,0.21415,0.19498734,0.22436,0.41934734,,,,,,,,,,,,,,,,0.01317,0.00307,7531,63.8220339,AH,4846.016241,0.233105543,,,,,,,-0.8577044,,,-33.9360776,,,1.835401163,,,45.95845533,,,25.04000556,,,y = 0.0066x0.9421
140,CHRIS 31004 SR sterile,3100,SR5,SR,0,3500,3100SR5,9/19/2016,10/18/2016,11/28/2016,2,2/23/2017,128,3.3,0.020325251,7.5,0.16092,0.140594749,0.25979,0.400384749,,,,,,,,,,,,,,,,0.02593,0.00441,13711,116.1949153,AH,4481.099701,0.170073274,,,,,,,0.3496264,,,-34.9720584,,,1.580026091,,,44.00678055,,,27.85193282,,,y = 0.0066x0.9421
146,21.4 GC sterile,3700,GC,S,0,3500,3700GC,9/19/2016,10/18/2016,11/28/2016,2,2/23/2017,128,1.9,0.012082525,6.5,0.12948,0.117397475,0.14596,0.263357475,,,,,,,,,,,,,,,,0.01825,0.00322,13754,116.559322,AH,6386.812166,0.176438356,,,,,,,1.299032,,,-33.5779358,,,0.672132642,,,41.80019759,,,62.19039962,,,y = 0.0066x0.9421
148,22.4 GC sterile,3700,GC,S,0,3500,3700GC,9/19/2016,10/18/2016,11/28/2016,2,2/23/2017,128,2.4,0.015057087,5.5,0.10309,0.088032913,0.23261,0.320642913,,,,,,,,,,,,,,,,0.03309,0.00547,7915,67.07627119,AH,2027.085862,0.165306739,,,,,,,1.9077153,,,-35.7036768,,,1.596978946,,,42.79380896,,,26.79672707,,,y = 0.0066x0.9421
150,26.4 GC sterile,3700,GC,S,0,3500,3700GC,9/19/2016,10/18/2016,11/28/2016,2,2/23/2017,128,1.9,0.012082525,7.5,0.34334,0.331257475,0.44219,0.773447475,,,,,,,,,,,,,,,,0.03192,0.00539,7339,62.19491525,AH,1948.462257,0.168859649,,,,,,,1.1806072,,,-34.8880873,,,1.876664692,,,41.19442552,,,21.9508715,,,y = 0.0066x0.9421
147,27.4 GC sterile ,3700,GC,S,0,3500,3700GC,9/19/2016,10/18/2016,11/28/2016,2,2/23/2017,128,2.3,0.014465309,8,0.18323,0.168764691,0.18468,0.353444691,,,,,,,,,,,,,,,,0.02333,0.00427,17695,149.9576271,AH,6427.673687,0.183026147,,,,,,,1.0812508,,,-34.2729737,,,1.673740825,,,45.32401977,,,27.07947317,,,y = 0.0066x0.9421
149,30.4 GC sterile,3700,GC,S,0,3500,3700GC,9/19/2016,10/18/2016,11/28/2016,2,2/23/2017,128,2,0.012680731,10,0.26897,0.256289269,0.24837,0.504659269,,,,,,0.192348365,,,,,0.250762,,,,,0.0116,0.00268,15866,134.4576271,AH,11591.17475,0.231034483,,,5676.241744,,0.184933075,,0.3225292,5.1582269,,-34.6776537,-34.62406546,,2.128506432,1.589604707,,45.29491226,43.28147282,,21.28013877,31.85952203,,y = 0.0066x0.9421
143,21.2 SC sterile,3700,SC,S,0,3500,3700SC,9/19/2016,10/18/2016,11/28/2016,2,2/23/2017,128,3,0.01857975,8,0.33284,0.31426025,0.46419,0.77845025,,,,,,,,,,,,,,,,0.01066,0.00197,10621,90.00847458,AH,8443.571724,0.184803002,,,,,,,4.0662022,,,-35.2854004,,,1.6141877,,,42.8498802,,,26.54578535,,,y = 0.0066x0.9421
144,22.2 SC sterile,3700,SC,S,0,3500,3700SC,9/19/2016,10/18/2016,11/28/2016,2,2/23/2017,128,3.4,0.020905002,11.2,0.40101,0.380104998,0.31334,0.693444998,,,,,,,,,,,,,,,,0.01701,0.00346,7468,63.28813559,AH,3720.642892,0.203409759,,,,,,,6.0340168,,,-34.2962428,,,1.510213897,,,45.25738995,,,29.96753641,,,y = 0.0066x0.9421
141,26.2 SC sterile,3700,SC,S,0,3500,3700SC,9/19/2016,10/18/2016,11/28/2016,2,2/23/2017,128,3.6,0.022061575,7,0.20161,0.179548425,0.1859,0.365448425,,,,,,,,,,,,,,,,0.00602,0.00093,3610,30.59322034,AH,5081.930289,0.15448505,,,,,,,4.360012,,,-34.3953894,,,1.913075241,,,44.05512469,,,23.02843283,,,y = 0.0066x0.9421
145,27.2 SC sterile,3700,SC,S,0,3500,3700SC,9/19/2016,10/18/2016,11/28/2016,2,2/23/2017,128,1.9,0.012082525,4.5,0.06857,0.056487475,0.07873,0.135217475,,,,,,,,,,,,,,,,0.0078,0.00132,8466,71.74576271,AH,9198.174707,0.169230769,,,,,,,2.4913088,,,-34.1495463,,,1.115279135,,,42.50046783,,,38.10747147,,,y = 0.0066x0.9421
142,30.2 SC sterile,3700,SC,S,0,3500,3700SC,9/19/2016,10/18/2016,11/28/2016,2,2/23/2017,128,3.2,0.019744481,10.5,0.29451,0.274765519,0.4695,0.744265519,0.493237849,,,,,0.241033333,,,,,0.302332,,,,,0.02675,0.00475,16975,143.8559322,AH,5377.791858,0.177570093,,,6364.422294,,0.177899735,,3.5089592,8.0920998,,-34.929567,-34.61122918,,1.82728182,1.596007559,,44.11023084,43.7546187,,24.13980721,28.35780665,,y = 0.0066x0.9421
153,21.1 SR sterile,3700,SR1,SR,0,3500,3700SR1,9/19/2016,10/18/2016,11/28/2016,2,3/1/2017,134,1.6,0.010276503,5,0.15741,0.147133497,0.22405,0.371183497,,,,,,,,,,,,,,,,0.03801,0.00669,16751,141.9576271,AH,3734.744202,0.176006314,,,,,,,2.6207732,,,-34.7302621,,,1.704011521,,,44.14268187,,,25.90515459,,,y = 0.0066x0.9421
151,26.1 SR sterile,3700,SR1,SR,0,3500,3700SR1,9/19/2016,10/18/2016,11/28/2016,2,3/1/2017,134,1.5,0.00967029,4.5,0.12728,0.11760971,0.16386,0.28146971,,,,,,,,,,,,,,,,0.01277,0.00284,6939,58.80508475,AH,4604.940074,0.222396241,,,,,,,-1.1015792,,,-32.9425882,,,1.853560455,,,45.87479142,,,24.74955231,,,y = 0.0066x0.9421
155,27.1 SR sterile,3700,SR1,SR,0,3500,3700SR1,9/19/2016,10/18/2016,11/28/2016,2,3/1/2017,134,1.2,0.007836833,7.5,0.24029,0.232453167,0.27508,0.507533167,,,,,,,,,,,,,,,,0.01224,0.00258,7648,64.81355932,AH,5295.225435,0.210784314,,,,,,,-1.8000848,,,-35.2118313,,,1.998745265,,,44.53318966,,,22.28057293,,,y = 0.0066x0.9421
152,30.1 SR sterile ,3700,SR1,SR,0,3500,3700SR1,9/19/2016,10/18/2016,11/28/2016,2,3/1/2017,134,1.5,0.00967029,3.5,0.05668,0.04700971,0.08989,0.13689971,,,,,,0.163794321,,,,,0.244476,,,,,0.01326,0.00272,6698,56.76271186,AH,4280.747501,0.205128205,,,4658.689814,,0.198377033,,-1.0604316,4.43352736,,-34.8476193,-34.53237358,,1.961783521,1.869076516,,46.18924022,44.9700268,,23.54451433,24.12392027,,y = 0.0066x0.9421
157,CHRIS 38001 SR sterile,3700,SR5,SR,0,3500,3700SR5,9/19/2016,10/18/2016,11/28/2016,2,3/1/2017,134,1,0.0066,5.5,0.16605,0.15945,0.17725,0.3367,,,,,,,,,,,,,,,,0.01601,0.00317,9391,79.58474576,AH,4970.939773,0.198001249,,,,,,,-1.3314036,,,-34.4560914,,,2.176410838,,,45.56679544,,,20.93666997,,,y = 0.0066x0.9421
159,CHRIS 38002 SR sterile,3700,SR5,SR,0,3500,3700SR5,9/19/2016,10/18/2016,11/28/2016,2,3/1/2017,134,2.7,0.016824096,8.8,0.2278,0.210975904,0.35855,0.569525904,,,,,,,,,,,,,,,,0.02289,0.00423,11586,98.18644068,AH,4289.490637,0.184796855,,,,,,,1.6192516,,,-34.0622522,,,1.467036275,,,43.62878583,,,29.73940493,,,y = 0.0066x0.9421
160,CHRIS 38003 SR sterile ,3700,SR5,SR,0,3500,3700SR5,9/19/2016,10/18/2016,11/28/2016,2,3/1/2017,134,1.4,0.009061731,8.5,0.21503,0.205968269,0.19949,0.405458269,,,,,,,,,,,,,,,,0.0182,0.00271,10237,86.75423729,AH,4766.716335,0.148901099,,,,,,,-0.0116696,,,-34.0524231,,,1.089561306,,,43.84655293,,,40.24239175,,,y = 0.0066x0.9421
158,CHRIS 38004 SR sterile,3700,SR5,SR,0,3500,3700SR5,9/19/2016,10/18/2016,11/28/2016,2,3/1/2017,134,3.5,0.021483767,7,0.16624,0.144756233,0.26652,0.411276233,,,,,,,,,,,,,,,,0.010416,0.00316,7325,62.07627119,AH,5959.703455,0.303379416,,,,,,,2.8746215,,,-33.7908754,,,2.020044107,,,47.27117448,,,23.40106056,,,y = 0.0066x0.9421
156,CHRIS 38005 SR sterile,3700,SR5,SR,0,3500,3700SR5,9/19/2016,10/18/2016,11/28/2016,2,3/1/2017,134,2.9,0.017995714,8.4,0.18938,0.171384286,0.17015,0.341534286,0.41058463,,0.433362739,,,0.178506938,,0.193920739,,,0.234392,,0.2579905,,,0.003025,0.00504,14452,122.4745763,AH,40487.46323,1.666115702,,,12094.86269,,0.500238864,,2.5274384,5.13564766,,-33.644708,-34.00127002,,1.542882688,1.659187043,,43.35722834,44.7341074,,28.10144198,28.48419384,,y = 0.0066x0.9421
154,22.1 SR sterile,,SR1,,,,,,,,,,,,,,,,,,,,,,,,,,,,,,,,,,,,,,,,,,22.1 SR sterile,,,,,,,,,,,,,,,,,,,y = 0.0066x0.9421
